species_slug,mpg_p_no,matched_via
habrosyne-scripta,850003,exact
pseudothyatira-cymatophoroides,850005,exact
euthyatira-lorata,850007,exact
euthyatira-pudens,850008,exact
euthyatira-semicircularis,850009,exact
ceranemota-improvisa,850010,exact
ceranemota-fasciata,850011,exact
ceranemota-crumbi,850012,exact
ceranemota-tearlei,850014,exact
drepana-arcuata,850019,exact
drepana-bilineata,850020,mona
eudeilinia-herminiata,850021,exact
oreta-rosea,850023,exact
phyllodesma-americana,870003,exact
malacosoma-disstria,870014,exact
malacosoma-constrictum,870015,gender
malacosoma-californicum,870018,gender
tolype-laricis,870024,exact
tolype-distincta,870028,exact
coloradia-doris,890032,exact
coloradia-pandora,890034,exact
hemileuca-nevadensis,890042,exact
hemileuca-juno,890045,exact
hemileuca-eglanterina,890052,exact
hemileuca-nuttalli,890053,exact
hemileuca-hera,890054,exact
calosaturnia-mendocino,890064,exact
antheraea-polyphemus,890070,exact
hyalophora-gloveri,890084,exact
hyalophora-euryalus,890085,exact
agrius-cingulata,890086,exact
manduca-sexta,890090,exact
manduca-quinquemaculata,890091,gender
ceratomia-amyntor,890102,exact
ceratomia-undulosa,890103,exact
sphinx-chersis,890111,exact
sphinx-vashti,890112,exact
sphinx-perelegans,890114,exact
sphinx-poecila,890121,exact
sphinx-luscitiosa,890122,exact
sphinx-drupiferarum,890123,exact
sphinx-dollii,890124,exact
sphinx-sequoiae,890125,exact
smerinthus-jamaicensis,890140,exact
smerinthus-cerisyi,890141,exact
smerinthus-ophthalmica,890142,exact
paonias-excaecatus,890144,gender
paonias-myops,890145,exact
pachysphinx-modesta,890148,exact
pachysphinx-occidentalis,890149,exact
erinnyis-ello,890154,exact
eumorpha-achemon,890184,exact
proserpinus-lucidus,890195,exact
proserpinus-clarkiae,890198,exact
proserpinus-flavofasciata,890199,exact
euproserpinus-wiesti,890204,exact
hemaris-thysbe,890204.3,exact
hemaris-diffinis,890204.5,exact
hemaris-thetis,890204.6,exact
darapsa-choerilus,890208,exact
hyles-euphorbiae,890215,exact
hyles-gallii,890216,exact
hyles-lineata,890217,exact
deilephila-elpenor,890218,exact
xylophanes-nr-libya,,unplaced
callizzia-amorata,91a0002,exact
idaea-dimidiata,91a0079,exact
cladara-limitaria,91a0125,exact
lobophora-nivigerata,91a0127,exact
venusia-pearsalli,91a0145,exact
eupithecia-ravocostaliata,91a0308,exact
epirrita-pulchraria,91a0334,mona
hydria-undulata,91a0342,mona
rheumaptera-hastata,91a0344,exact
triphosa-haesitata,91a0347,exact
dysstroma-citrata,91a0354,exact
dysstroma-sobria,91a0356,exact
dysstroma-truncata,91a0360,exact
dysstroma-brunneata,91a0368,exact
eulithis-destinata,91a0379,exact
eulithis-xylina,91a0382,exact
antepirrhoe-semiatrata,91a0385,exact
ecliptopera-silaceata,91a0388,exact
ceratodalia-gueneata,91a0397,exact
trichodezia-albovittata,91a0398,exact
mesoleuca-gratulata,91a0459,exact
spargania-luctuata,91a0464,exact
anticlea-vasiliata,91a0465,exact
hydriomena-perfracta,91a0476,exact
hydriomena-edenata,91a0479,exact
hydriomena-crokeri,91a0494,exact
hydriomena-furcata,91a0504,exact
stamnodes-topazata,91a0562,exact
stamnoctenis-pearsalli,91a0578,exact
perizoma-curvilinea,91a0583,exact
perizoma-costiguttata,91a0584,exact
archiearis-infans,91a0596,exact
leucobrephos-brephoides,91a0598,exact
nemoria-darwiniata,91a0622,exact
hemithea-aestivaria,91a0673,exact
protitame-virginalis,91a0681,exact
protitame-subalbaria,91a0682,exact
dasyfidonia-avuncularia,91a0685,exact
eumacaria-madopata,91a0691,exact
epelis-truncataria,91a0700,mona
speranza-brunneata,91a0704,mona
speranza-amboflava,91a0708,mona
speranza-boreata,91a0712,mona
speranza-exauspicata,91a0714,mona
speranza-bitactata,91a0720,mona
speranza-decorata,91a0725,mona
speranza-colata,91a0726,mona
speranza-occiduaria,91a0727,mona
speranza-helena,91a0731,mona
speranza-simplex,91a0733,mona
speranza-lorquinaria,91a0734,mona
speranza-loricaria,91a0735,mona
speranza-plumosata,91a0736,mona
speranza-quadrilinearia,91a0738,mona
speranza-guenearia,91a0740,mona
macaria-notata,91a0751,mona
macaria-aemulataria,91a0752,exact
macaria-adonis,91a0760,exact
macaria-sexmaculata,91a0766,exact
macaria-signaria,91a0767,exact
macaria-oweni,91a0770,exact
macaria-marmorata,,unplaced
digrammia-californiaria,91a0774,exact
digrammia-sexpunctata,91a0778,exact
digrammia-delectata,91a0779,exact
digrammia-denticulata,91a0781,exact
digrammia-nubiculata,91a0784,exact
digrammia-curvata,91a0786,exact
digrammia-napensis,91a0792,exact
digrammia-excurvata,91a0794,exact
digrammia-cinereola,91a0796,exact
digrammia-burneyata,91a0797,exact
digrammia-modocata,91a0799,exact
digrammia-muscariata,91a0800,exact
digrammia-extenuata,91a0801,exact
digrammia-rippertaria,91a0807,exact
digrammia-decorata,91a0809,exact
digrammia-subminiata,91a0816,exact
digrammia-neptaria,91a0817,exact
digrammia-irrorata,91a0818,exact
fernaldella-fimetaria,91a0836,mona
anavitrinella-pampinaria,91a0991,exact
protoboarmia-porcelaria,91a0998,exact
melanolophia-imitata,91a1038,exact
hesperumia-sulphuraria,91a1046,exact
neoalcis-californiaria,91a1051,exact
biston-betularia,91a1060,exact
phigalia-plumogeraria,91a1079,exact
drepanulatrix-unicalcararia,91a1092,exact
drepanulatrix-quadraria,91a1095,exact
drepanulatrix-foeminaria,91a1096,exact
drepanulatrix-carnearia,91a1099,exact
drepanulatrix-secundaria,91a1101,exact
alsophila-pometaria,91a1128,exact
campaea-perlata,91a1130,exact
plagodis-phlogosaria,91a1187,exact
metanema-inatomaria,91a1191,exact
euchlaena-johnsonaria,91a1209,exact
euchlaena-madusaria,91a1211,exact
euchlaena-tigrinaria,91a1217,exact
pero-mizon,91a1244,exact
pero-behrensaria,91a1248,exact
phaeoura-mexicanaria,91a1254,exact
gabriola-dyari,91a1279,exact
sicya-macularia,91a1285,exact
sicya-morsicaria,91a1288,exact
somatolophia-ectrapelaria,91a1310,exact
plataea-diva,91a1326,exact
plataea-trilinearia,91a1327,exact
plataea-n-sp,,unplaced
caripeta-divisata,91a1339,exact
caripeta-aequaliaria,91a1341,exact
caripeta-angustiorata,91a1344,exact
nepytia-umbrosaria,91a1386,exact
nepytia-phantasmaria,91a1394,exact
ennomos-alniaria,91a1406,exact
tetracis-cervinaria,91a1411,exact
tetracis-pallulata,91a1414,exact
tetracis-jubararia,91a1416,exact
tetracis-formosa,91a1419,exact
tetracis-pallidata,91a1421,exact
enypia-venata,91a1457,mona
enypia-packardata,91a1459,mona
nematocampa-resistaria,91a1461,exact
clostera-albosigma,930003,exact
clostera-strigosa,930006,exact
clostera-paraphora,930007,exact
clostera-brucei,930008,exact
clostera-multnoma,930008.1,exact
clostera-apicalis,930009,exact
pheosia-californica,930012.1,exact
pheosidea-elegans,930013,exact
notodonta-manitou,930015.1,exact
notodonta-ochreata,930015.2,exact
notodonta-pacifica,930016,exact
notodonta-torva,930017,exact
gluphisia-septentrionis,930019,exact
gluphisia-avimacula,930021,exact
gluphisia-severa,930023,exact
furcula-cinereoides,930025.1,exact
furcula-scolopendrina,930028,exact
furcula-modesta,930029,exact
furcula-gigans,930029.2,exact
datana-californica,930033.1,exact
nadata-gibbosa,930046,exact
nadata-oregonensis,930047,exact
cecrita-lunata,930087.15,exact
schizura-ipomaeae,930098,exact
coelodasys-unicornis,930100,exact
coelodasys-conspecta,930100.1,exact
oedemasia-salicis,930103.1,exact
oedemasia-semirufescens,930105,exact
ianassa-pallida,930107,exact
phryganidia-californica,930138,exact
lymantria-dispar,930141,exact
gynaephora-rossii,930142,exact
dasychira-vagans,930146,exact
dasychira-plagiata,930156,exact
dasychira-grisefacta,930158,exact
orgyia-antiqua,930160,exact
orgyia-vetusta,930161,exact
orgyia-cana,930163,exact
orgyia-pseudotsugata,930164,exact
leucoma-salicis,930170,exact
euproctis-similis,930172E,exact
cisthene-barnesii,930191,exact
lycomorpha-grotei,930197,exact
lycomorpha-pholus,930201,exact
hypoprepia-miniata,930204,exact
hypoprepia-inculta,930207,exact
bruceia-pulverina,930213,exact
clemensia-umbrata,930215.1,exact
manulea-bicolor,930217,exact
crambidia-casta,930225,exact
crambidia-cephalica,930227,exact
chelis-sordida,930233,exact
chelis-beanii,930235,exact
chelis-brucei,930236,exact
apantesis-obliterata,930239,exact
apantesis-doris,930241,exact
apantesis-virgo,930244,exact
apantesis-parthenice,930246,exact
apantesis-virguncula,930247,exact
apantesis-speciosa,930248,exact
apantesis-quenseli,930250,exact
apantesis-margo,930251,exact
apantesis-nevadensis,930258,exact
apantesis-yukona,930259,exact
apantesis-behrii,930260,exact
apantesis-bolanderi,930263,exact
apantesis-williamsii,930264,exact
apantesis-elongata,930266,exact
apantesis-blakei,930269,exact
apantesis-ornata,930271,exact
apantesis-complicata,930273,exact
apantesis-edwardsii,930274X,exact
apantesis-eureka,930275,exact
apantesis-arizoniensis,930277,exact
apantesis-carlotta,930281,exact
arctia-plantaginis,930283,exact
arctia-alpina,930284,exact
arctia-lapponica,930285,exact
arctia-yarrowii,930286,exact
arctia-parthenos,930288,exact
arctia-virginalis,930289,exact
arctia-caja,930290,exact
arctia-opulenta,930291,exact
arctia-brachyptera,930292,exact
spilosoma-congrua,930309,exact
spilosoma-vestalis,930312,exact
spilosoma-vagans,930313,exact
spilosoma-pteridis,930314,exact
spilosoma-virginica,930316,exact
estigmene-acrea,930317,exact
hyphantria-cunea,930319,exact
hypercompe-permaculata,930321,exact
arachnis-citra,930329,exact
phragmatobia-fuliginosa,930332,exact
phragmatobia-assimilans,930334,exact
pyrrharctia-isabella,930335,exact
leptarctia-californiae,930336,exact
virbia-ferruginosa,930336.65,exact
dodia-albertae,930337,exact
dodia-tarandus,930338,exact
tyria-jacobaeae,930347,exact
gnophaela-latipennis,930353,exact
gnophaela-vermiculata,930356,exact
lophocampa-roseata,930365,exact
lophocampa-argentata,930368,exact
lophocampa-maculata,930373,exact
pseudohemihyalea-edwardsii,930381,exact
cycnia-tenera,930404,exact
cycnia-oregonensis,930405,exact
ectypia-clio,930422,exact
ctenucha-virginica,930435,exact
ctenucha-rubroscapus,930437,exact
cisseps-fulvicollis,930440,exact
idia-americalis,930469,exact
idia-aemula,930471,exact
idia-concisa,930472,exact
idia-suffusalis,930473,exact
idia-lubricalis,930482,exact
idia-occidentalis,930483,exact
idia-immaculalis,930486,exact
idia-nr-americalis,,unplaced
phalaenophana-pyramusalis,930487,exact
zanclognatha-jacchusalis,930500,exact
chytolita-morbidalis,930502,exact
macrochilo-bivittata,930506,exact
phalaenostola-metonalis,930512,exact
phalaenostola-hanhami,930515,exact
tetanolita-palligera,930517,exact
bleptina-caradrinalis,930520,exact
palthis-angulalis,930551,exact
hypena-bijugalis,930564,exact
hypena-palparia,930565,exact
hypena-abalienalis,930566,exact
hypena-atomaria,930573,exact
hypena-edictalis,930575,exact
hypena-humuli,930584,exact
hypena-californica,930585,exact
hypena-decorata,930586,exact
hypena-modestoides,930587,exact
rivula-propinqualis,930592,exact
scoliopteryx-libatrix,930601,exact
phobolosia-anfracta,930654,exact
hypenodes-fractilinea,930662,exact
hypenodes-sombrus,930664,exact
mycterophora-inexplicata,930674,exact
mycterophora-monticola,930675,exact
mycterophora-longipalpata,930676,exact
mycterophora-rubricans,930678,exact
metalectra-bigallis,930681,exact
eublemma-minima,930693,exact
hemeroplanis-historialis,930705,exact
spargaloma-sexpunctata,930715,exact
lygephila-victoria,930753,exact
ascalapha-odorata,930759,exact
catocala-piatrix,930762,exact
catocala-neogama,930790,exact
catocala-aholibah,930791,exact
catocala-ilia,930792,exact
catocala-relicta,930795,exact
catocala-unijuga,930797,exact
catocala-irene,930799,exact
catocala-allusa,930801,synonymy
catocala-faustina,930801,exact
catocala-hermia,930802,exact
catocala-californica,930803,exact
catocala-briseis,930804,exact
catocala-grotiana,930805,exact
catocala-semirelicta,930806,exact
catocala-meskei,930807,exact
catocala-junctura,930809,exact
catocala-amatrix,930815,exact
catocala-chelidonia,930825,exact
catocala-verrilliana,930838,exact
catocala-ophelia,930840,exact
catocala-ultronia,930841,exact
cissusa-indiscreta,930866,exact
litocala-sexsignata,930868,exact
melipotis-indomita,930871,exact
melipotis-jucunda,930878,exact
bulia-deducta,930885,exact
drasteria-mirifica,930888,exact
drasteria-hastingsii,930889,exact
drasteria-scrupulosa,930894,exact
drasteria-inepta,930895,exact
drasteria-sabulosa,930896,exact
drasteria-ochracea,930898,exact
drasteria-edwardsii,930899,exact
drasteria-pallescens,930900,exact
drasteria-divergens,930902,exact
drasteria-parallela,930903.1,exact
drasteria-petricola,930905,exact
drasteria-hudsonica,930906,exact
drasteria-maculosa,930908,exact
drasteria-perplexa,930909,exact
drasteria-adumbrata,930910,exact
drasteria-stretchii,930911,exact
drasteria-howlandii,930913,exact
drasteria-sp,,unplaced
caenurgina-annexa,930921,exact
caenurgina-caerulea,930922,exact
caenurgina-crassiuscula,930923,exact
caenurgina-erechtea,930924,exact
euclidia-cuspidea,930929,exact
euclidia-ardita,930930,exact
zale-lunata,931023,exact
zale-minerea,931032,exact
zale-duplicata,931038,exact
zale-rubi,931046,exact
zale-termina,931047,exact
holoarctia-sp,,unplaced
marathyssa-inficita,931103,exact
meganola-minuscula,931121,exact
meganola-fuscula,931125,exact
nola-cilicoides,931130,exact
nola-minna,931133,exact
nycteola-frigidana,931142,exact
nycteola-columbiana,931143,exact
nycteola-cinereana,931144,exact
abrostola-urentis,931162,exact
trichoplusia-ni,931168,exact
chrysodeixis-includens,931170,exact
chrysodeixis-chalcites,931171.1,exact
rachiplusia-ou,931176,exact
diachrysia-aereoides,931178,exact
euchalcia-albavitta,931180,exact
euchalcia-borealis,931181,exact
polychrysia-esmeralda,931182,exact
polychrysia-morigera,931183,exact
pseudeva-purpurigera,931184,exact
pseudeva-palligera,931185,exact
eosphoropteryx-thyatyroides,931187,exact
autographa-californica,931193,exact
autographa-mappa,931194,exact
autographa-buraetica,931195,exact
autographa-pseudogamma,931196,exact
autographa-v-alba,931197,exact
autographa-speciosa,931198,exact
autographa-bimaculata,931200,exact
autographa-corusca,931201,exact
autographa-metallica,931203,exact
autographa-ampla,931204,exact
autographa-pasiphaeia,931205,exact
autographa-rubidus,931206,exact
autographa-sansoni,931207,exact
autographa-flagellum,931208,exact
megalographa-biloba,931209,exact
syngrapha-octoscripta,931212,exact
syngrapha-viridisigma,931213,exact
syngrapha-epigaea,931215,exact
syngrapha-interrogationis,931216,exact
syngrapha-surena,931218,exact
syngrapha-diasema,931219,exact
syngrapha-borea,931220,exact
syngrapha-orophila,931221,exact
syngrapha-ignea,931223,exact
syngrapha-abstrusa,931224,exact
syngrapha-alias,931225,exact
syngrapha-rectangula,931227,exact
syngrapha-angulidens,931228,exact
syngrapha-celsa,931229,exact
syngrapha-microgamma,931230,exact
syngrapha-alticola,931232,exact
syngrapha-parilis,931233,exact
anagrapha-falcifera,931234,exact
plusia-venusta,931235,exact
plusia-putnami,931236,exact
plusia-nichollae,931237,exact
deltote-bellicula,931289,exact
protodeltote-albidula,931291,exact
ponometia-semiflava,931308,exact
ponometia-binocula,931313,exact
ponometia-candefacta,931314,exact
ponometia-tortricina,931326,exact
ponometia-fumata,931327,exact
ponometia-nigra,931328,exact
ponometia-elegantula,931334,exact
ponometia-sutrix,931339,exact
tarache-knowltoni,931346,exact
tarache-flavipennis,931347,exact
tarache-areli,931356,exact
tarache-toddi,931358,exact
tarache-arida,931360,exact
tarache-augustipennis,931365,exact
tarache-acerba,931368,exact
tarache-major,931371,exact
acontia-cretata,931375,exact
acontia-coquillettii,931378,exact
panthea-gigantea,931395,exact
panthea-furcilla,931396,exact
panthea-acronyctoides,931398,exact
panthea-virginarius,931399,exact
colocasia-propinquilinea,931401,exact
raphia-frater,931412,exact
acronicta-funeralis,931419.71,exact
acronicta-marmorata,931419.78,exact
acronicta-americana,931421,exact
acronicta-insita,931423,exact
acronicta-lepusculina,931425,exact
acronicta-cyanescens,931426,exact
acronicta-vulpina,931427,exact
acronicta-fragilis,931427.1,exact
acronicta-mansueta,931427.4,exact
acronicta-grisea,931433,exact
acronicta-strigulata,931434.4,exact
acronicta-innotata,931434.7,exact
acronicta-quadrata,931441,exact
acronicta-radcliffei,931441.1,exact
acronicta-hasta,931441.2,exact
acronicta-impleta,931474,exact
acronicta-impressa,931477,exact
acronicta-insularis,931477.2,exact
acronicta-perdita,931482,exact
acronicta-oblinita,931485,exact
acronicta-lupini,931489,exact
acronicta-lanceolaria,931491.4,exact
cucullia-montanae,931505,exact
cucullia-similaris,931506,exact
cucullia-omissa,931507,exact
cucullia-florea,931508,exact
cucullia-postera,931509,exact
cucullia-intermedia,931514,exact
cucullia-speyeri,931516,exact
cucullia-dorsalis,931518,exact
cucullia-antipoda,931524,exact
cucullia-eurekae,931525,exact
cucullia-eulepis,931529,exact
cucullia-basipuncta,931531,exact
cucullia-mcdunnoughi,931532,exact
cucullia-luna,931533,exact
cucullia-serraticornis,931534,exact
cucullia-strigata,931536,exact
cucullia-pulla,931538,exact
dolocucullia-dentilinea,931540,exact
dolocucullia-poolei,931540.1,exact
amphipyra-pyramidoides,931544,exact
amphipyra-tragopoginis,931545,exact
amphipyra-glabella,931546,exact
amphipyra-brunneoatra,931547,exact
pseudocopivaleria-sonoma,931555,exact
pleromella-opter,931559,exact
feralia-jocosa,931561,exact
feralia-deceptiva,931562,exact
feralia-comstocki,931564,exact
feralia-februalis,931565,exact
triocnemis-saporis,931609,exact
annaphila-danistica,931638.1,exact
annaphila-mera,931638.3,exact
annaphila-arvalis,931638.5,exact
annaphila-divinula,931639.5,exact
annaphila-lithosina,931639.6,exact
annaphila-miona,931639.7,exact
annaphila-casta,931639.8,exact
annaphila-depicta,931639.9,exact
annaphila-macfarlandi,931640.1,exact
annaphila-decia,931640.2,exact
annaphila-diva,931640.3,exact
plagiomimicus-dimidiata,931648,exact
plagiomimicus-spumosum,931651,exact
plagiomimicus-yakama,931659.1,exact
plagiomimicus-expallidus,931663,exact
stiria-rugifrons,931688,exact
neogrotella-spaldingi,931718,exact
tristyla-alboplagiata,931732,exact
axenus-arvalis,931733,exact
tyta-luctuosa,931733.1,exact
catabena-lineolata,931765,exact
calophasia-lunula,931771,exact
behrensia-conchiformis,931775,exact
pleromelloida-conserta,931777,exact
pleromelloida-bonuscula,931778,exact
pleromelloida-cinerea,931780,exact
copanarta-sexpunctata,931782,exact
stylopoda-groteana,931784,exact
sympistis-coprocolor,931793,exact
sympistis-corusca,931795,exact
sympistis-perscripta,931797,exact
sympistis-albifasciata,931799,exact
sympistis-saundersiana,931800,exact
sympistis-occata,931801,exact
sympistis-umbrifascia,931802,exact
sympistis-satanella,931803,exact
sympistis-aterrima,931805,exact
sympistis-apep,931806,exact
sympistis-tenuifascia,931807,exact
sympistis-parvanigra,931808,exact
sympistis-parvacana,931809,exact
sympistis-viriditincta,931810,exact
sympistis-stabilis,931817,exact
sympistis-punctilinea,931819,exact
sympistis-badistriga,931821,exact
sympistis-fifia,931822,exact
sympistis-dinalda,931823,exact
sympistis-iricolor,931831,exact
sympistis-simplex,931832,exact
sympistis-goedeni,931834,exact
sympistis-glennyi,931835,exact
sympistis-tartarea,931837,exact
sympistis-incubus,931844,exact
sympistis-seth,931846,exact
sympistis-sesmu,931847,exact
sympistis-poliochroa,931853,exact
sympistis-utahensis,931856,exact
sympistis-chandleri,931857,exact
sympistis-cibalis,931859,exact
sympistis-mirificalis,931861,exact
sympistis-augustus,931865,exact
sympistis-sandaraca,931866,exact
sympistis-hayesi,931867,exact
sympistis-pudorata,931869,exact
sympistis-acheron,931871,exact
sympistis-major,931878,exact
sympistis-sobek,931889,exact
sympistis-hathor,931893,exact
sympistis-columbia,931894,exact
sympistis-pallida,931895,exact
sympistis-cherti,931897,exact
sympistis-youngi,931898,exact
sympistis-fortis,931904,exact
sympistis-chionanthi,931906,exact
sympistis-barnesii,931907,exact
sympistis-chalybdis,931908,exact
sympistis-funebris,931910,exact
sympistis-dentata,931911,exact
sympistis-anweileri,931912,exact
sympistis-californiae,931913,exact
sympistis-lacticollis,931914,exact
sympistis-sokar,931917,exact
sympistis-extremis,931920,exact
sympistis-astrigata,931922,exact
sympistis-meadiana,931924,exact
sympistis-orbicularis,931925,exact
sympistis-dunbari,931926,exact
sympistis-definita,931927,exact
sympistis-wilsoni,931928,exact
sympistis-lapponica,931929,exact
sympistis-heliophila,931930,exact
sympistis-zetterstedtii,931931,exact
sympistis-sagittata,931938,exact
sympistis-shirleyae,931939,exact
sympistis-saxatilis,931940,exact
sympistis-figurata,931946,exact
sympistis-pallidior,931948,exact
sympistis-greyi,931950,exact
sympistis-ragani,931951,exact
sympistis-semicollaris,931952,exact
eudryas-brevipennis,931965,exact
alypia-langtoni,931981,exact
alypia-ridingsii,931982,exact
androloma-maccullochii,931984,exact
condica-discistriga,931991,exact
condica-mersa,931993,exact
condica-albolabes,931994,exact
microhelia-angelica,932035,exact
heliothodes-diminutivus,932036,gender
eutricopis-nexilis,932038,exact
pyrrhia-cilisca,932040,exact
pyrrhia-exprimens,932041,exact
helicoverpa-zea,932045,exact
heliothis-phloxiphaga,932046,exact
heliothis-acesias,932047,exact
heliothis-ononis,932049,exact
heliothis-oregonica,932050,exact
heliothis-proruptus,932051,exact
heliothis-belladonna,932052,exact
heliothis-borealis,932053,exact
chloridea-virescens,932054,exact
heliocheilus-paradoxus,932058,exact
protoschinia-nuchalis,932061,exact
schinia-luxa,932066,exact
schinia-biundulata,932070,exact
schinia-aurantiaca,932072,exact
schinia-jaguarina,932073,exact
schinia-suetus,932075,exact
schinia-meadi,932078,exact
schinia-lynda,932081,exact
schinia-florida,932082,exact
schinia-gaurae,932083,exact
schinia-crotchii,932085,exact
schinia-deserticola,932086,exact
schinia-sexplagiata,932090,exact
schinia-rivulosa,932091,exact
schinia-oleagina,932094,exact
schinia-vacciniae,932100,exact
schinia-perminuta,932101,exact
schinia-honesta,932102,exact
schinia-villosa,932104,exact
schinia-intermontana,932106,exact
schinia-persimilis,932108,exact
schinia-edwardsii,932121,exact
schinia-mortua,932126,exact
schinia-arcigera,932134,exact
schinia-acutilinea,932153,exact
schinia-walsinghami,932154,exact
schinia-tertia,932158,exact
schinia-albafascia,932159,exact
schinia-argentifascia,932163,exact
schinia-illustra,932164,exact
schinia-unimacula,932168,exact
schinia-cumatilis,932177,exact
schinia-aff-verna,,unplaced
heliolonche-modicella,932184,exact
heliolonche-pictipennis,932187,exact
heliolonche-n-sp,,unplaced
callopistria-floridensis,932190,exact
cryphia-olivacea,932195,exact
cryphia-cuerva,932200,exact
acopa-perpallida,932204.52,exact
pseudeustrotia-carneola,932205,exact
spodoptera-exigua,932215,exact
spodoptera-praefica,932217,exact
galgula-partita,932224.5,exact
elaphria-alapallida,932234,exact
chytonix-palliatricula,932249.11,exact
properigea-albimacula,932249.41,exact
properigea-niveirena,932249.49,exact
pseudobryomima-muscosa,932249.62,exact
protoperigea-anotha,932250,crosswalk
protoperigea-posticata,932251,crosswalk
protoperigea-umbricata,932252,synonymy
protoperigea-calientensis,932255,synonymy
caradrina-morpheus,932256,exact
caradrina-meralis,932257,exact
caradrina-camina,932258,exact
caradrina-atrostriga,932263,exact
caradrina-montana,932264.1,exact
proxenus-miranda,932266,exact
proxenus-mindara,932267,exact
proxenus-mendosa,932268,exact
nedra-stewarti,932284,exact
nedra-hoeffleri,932286,exact
alastria-chico,932288,exact
euplexia-benesimilis,932290,exact
phlogophora-periculosa,932292,exact
apamea-vultuosa,932303,exact
apamea-plutonia,932304,exact
apamea-alia,932307,exact
apamea-unanimis,932308,exact
apamea-indocilis,932310,exact
apamea-impulsa,932311,exact
apamea-unita,932312,exact
apamea-cuculliformis,932313,exact
apamea-sordens,932314,exact
apamea-digitula,932315,exact
apamea-inordinata,932316,exact
apamea-spaldingi,932317,exact
apamea-cinefacta,932318,exact
apamea-lignicolora,932319,exact
apamea-atriclava,932320,exact
apamea-antennata,932323,exact
apamea-siskiyou,932324,exact
apamea-auranticolor,932326,exact
apamea-sora,932327,exact
apamea-tahoeensis,932328,exact
apamea-commoda,932329,exact
apamea-centralis,932330,exact
apamea-occidens,932332,exact
apamea-amputatrix,932333,exact
apamea-albina,932335,exact
apamea-maxima,932336,exact
apamea-acera,932338,exact
apamea-burgessi,932339,exact
apamea-longula,932341,exact
apamea-scoparia,932343,exact
apamea-cogitata,932345,exact
apamea-inficita,932347,exact
apamea-lutosa,932348,exact
apamea-devastator,932350,exact
apamea-zeta,932351,exact
apamea-contradicta,932354,exact
apamea-niveivenosa,932355,exact
melanapamea-mixta,932362,exact
lateroligia-ophiogramma,932363,exact
resapamea-innota,932365,exact
resapamea-venosa,932366,exact
resapamea-enargia,932367,exact
resapamea-passer,932368,exact
resapamea-diluvius,932368.1,exact
resapamea-aff-passer,,unplaced
resapamea-n-sp-nr-innota,,unplaced
mesapamea-fractilinea,932370,exact
mesapamea-secalis,932371.1,exact
eremobina-claudens,932372,exact
eremobina-unicincta,932373,exact
oligia-tusa,932379,exact
oligia-violacea,932380,exact
oligia-rampartensis,932381,exact
oligia-obtusa,932385,exact
oligia-divesta,932386,exact
neoligia-subjuncta,932392,exact
neoligia-tonsa,932397,exact
neoligia-invenusta,932399,exact
neoligia-albirena,932401,exact
neoligia-lancea,932402,exact
neoligia-lillooet,932403,exact
euros-cervina,932404,exact
euros-osticollis,932405,exact
xylomoia-chagnoni,932416,exact
xylomoia-indirecta,932417,exact
photedes-inops,932419,exact
photedes-didonea,932423,exact
photedes-defecta,932425,exact
hypocoena-inquinata,932426,exact
hypocoena-basistriga,932428,exact
hypocoena-rufostrigata,932429,exact
benjaminiola-colorada,932433,exact
globia-oblonga,932438,exact
globia-subflava,932439,exact
globia-alameda,932440,exact
macronoctua-onusta,932442,exact
helotropha-reniformis,932443,exact
amphipoea-interoceanica,932446,exact
amphipoea-americana,932447,exact
amphipoea-pacifica,932448,exact
amphipoea-keiferi,932451,exact
amphipoea-lunata,932452,exact
amphipoea-n-sp,,unplaced
hydraecia-medialis,932455,exact
hydraecia-obliqua,932456,exact
hydraecia-perobliqua,932459,exact
papaipema-unimoda,932465,exact
papaipema-insulidens,932480,exact
papaipema-harrisii,932483,exact
papaipema-sauzalitae,932485,exact
papaipema-limata,932495,exact
selicanis-cinereola,932512,exact
bellura-obliqua,932517,exact
xylena-nupera,932519,exact
xylena-curvimacula,932520,exact
xylena-thoracica,932521,exact
xylena-cineritia,932522,exact
xylena-brucei,932523,exact
lithomoia-germana,932524,exact
homoglaea-californica,932526,exact
homoglaea-hircina,932527,exact
homoglaea-dives,932528,exact
homoglaea-carbonaria,932529,exact
litholomia-napaea,932530,exact
lithophane-innominata,932534,exact
lithophane-petulca,932536,exact
lithophane-disposita,932537,exact
lithophane-amanda,932544,exact
lithophane-pexata,932545,exact
lithophane-dilatocula,932546,exact
lithophane-thaxteri,932547,exact
lithophane-fagina,932548,exact
lithophane-baileyi,932549,exact
lithophane-atara,932556,exact
lithophane-ponderosa,932560,exact
lithophane-jeffreyi,932561,exact
lithophane-gausapata,932564,exact
lithophane-itata,932565,exact
lithophane-boogeri,932568,exact
lithophane-contenta,932572,exact
lithophane-georgii,932573,exact
lithophane-pertorrida,932579,exact
eupsilia-tristigmata,932590,exact
eupsilia-fringata,932593,exact
eupsilia-devia,932594,exact
eucirroedia-pampina,932609,exact
mesogona-olivata,932610,exact
mesogona-rubra,932611,exact
mesogona-subcuprea,932612,exact
agrochola-purpurea,932613,exact
agrochola-pulchella,932614,exact
agrochola-lota,932615,exact
sunira-bicolorago,932616,exact
sunira-decipiens,932617,exact
sunira-verberata,932618,exact
anathix-puta,932620,exact
anathix-aggressa,932621,exact
xanthia-tatago,932622,exact
hillia-maida,932623,exact
hillia-iris,932624,exact
parastichtis-suspecta,932625,exact
aseptis-fumosa,932626,exact
aseptis-ethnica,932630,exact
aseptis-fanatica,932631,exact
aseptis-binotata,932634,exact
aseptis-characta,932648,exact
aseptis-sp-no-1,,unplaced
aseptis-sp-no-3,,unplaced
aseptis-species,,unplaced
paraseptis-adnixa,932648.5,exact
epidemas-cinerea,932650,exact
epidemas-obscurus,932651,exact
brachylomia-elda,932652,exact
brachylomia-populi,932653,exact
brachylomia-algens,932654,exact
brachylomia-discolor,932655,exact
brachylomia-discinigra,932656,exact
brachylomia-obscurifascia,932658,exact
brachylomia-rectifascia,932659,exact
brachylomia-thula,932662,exact
brachylomia-sierra,932663,exact
hyppa-contrasta,932665,exact
hyppa-brunneicrista,932667,exact
hyppa-indistincta,932668,exact
cosmia-praeacuta,932670,exact
cosmia-elisae,932671,exact
cosmia-calami,932672,exact
zotheca-tranquilla,932673,exact
enargia-decolor,932674,exact
enargia-infumata,932675,exact
enargia-fausta,932676,exact
enargia-n-sp,,unplaced
ipimorpha-nanaimo,932677,exact
ipimorpha-viridipallida,932678,exact
ipimorpha-pleonectusa,932679,exact
andropolia-diversilineata,932680,exact
andropolia-contacta,932681,exact
andropolia-aedon,932684,exact
andropolia-theodori,932685,exact
rhizagrotis-cloanthoides,932686,exact
rhizagrotis-albalis,932687,exact
rhizagrotis-modesta,932688,exact
rhizagrotis-stylata,932689,exact
fishia-discors,932691,exact
fishia-connecta,932692,exact
fishia-yosemitae,932693,exact
fishia-nigrescens,932693.1,exact
fishia-illocata,932695,exact
fishia-sp,,unplaced
platypolia-anceps,932696,exact
platypolia-contadina,932697,exact
platypolia-loda,932698,exact
platypolia-mactata,932699,exact
xylotype-arcadia,932701,exact
dryotype-opina,932702,exact
mniotype-pallescens,932704,exact
mniotype-ducta,932705,exact
mniotype-tenera,932706,exact
mniotype-aff-tenera,,unplaced
mniotype-sp,,unplaced
sutyna-privata,932707,exact
ufeus-satyricus,932709,exact
ufeus-hulstii,932711,exact
viridiseptis-marina,932749.5,exact
perigonica-tertia,932750,exact
perigonica-angulata,932753,exact
perigonica-pectinata,932754,exact
acerra-normalis,932755,exact
stretchia-plusiaeformis,932756,exact
stretchia-pictipennis,932757,exact
stretchia-muricina,932758,exact
stretchia-prima,932761,exact
orthosia-pulchella,932763,exact
orthosia-transparens,932764,exact
orthosia-praeses,932765,exact
orthosia-mys,932766,exact
orthosia-ferrigera,932767,exact
orthosia-terminata,932768,exact
orthosia-behrensiana,932769,exact
orthosia-arthrolita,932772,exact
orthosia-revicta,932773,exact
orthosia-segregata,932776,exact
orthosia-pacifica,932777,exact
orthosia-hibisci,932778,exact
egira-variabilis,932787,exact
egira-hiemalis,932788,exact
egira-simplex,932789,exact
egira-vanduzeei,932790,exact
egira-crucialis,932791,exact
egira-cognata,932792,exact
egira-februalis,932793,exact
egira-curialis,932794,exact
egira-dolosa,932795,exact
egira-rubrica,932796,exact
egira-perlubens,932797,exact
egira-aff-curialis,,unplaced
tholera-americana,932809,exact
nephelodes-minians,932810,exact
nephelodes-demaculata,932811,exact
escaria-clauda,932815,exact
escaria-homogena,932816,exact
afotella-cylindrica,932821,exact
hadenella-pergentilis,932822,exact
anarta-nigrolunata,932823,exact
anarta-trifolii,932826,exact
anarta-mutata,932827,exact
anarta-fulgora,932828,exact
anarta-hamata,932830,exact
anarta-oregonica,932831,exact
anarta-inconcinna,932832.1,exact
anarta-columbica,932833,exact
anarta-alta,932834,exact
anarta-obesula,932836,exact
anarta-farnhami,932837,exact
anarta-crotchii,932838,exact
anarta-fusculenta,932839,exact
anarta-edwardsii,932842,exact
anarta-antica,932844,exact
anarta-decepta,932845,exact
trudestra-hadeniformis,932846,exact
scotogramma-submarina,932847,exact
scotogramma-fervida,932848,exact
scotogramma-stretchii,932850,exact
scotogramma-harnardi,932851,exact
scotogramma-ptilodonta,932853,exact
scotogramma-yakima,932856,exact
scotogramma-orida,932857,exact
tridepia-nova,932862,exact
coranarta-luteola,932863,exact
coranarta-macrostigma,932864,exact
polia-discalis,932865,exact
polia-piniae,932866,exact
polia-nimbosa,932867,exact
polia-imbrifera,932868,exact
polia-rogenhoferi,932869,exact
polia-propodea,932870,exact
polia-richardsoni,932871,exact
polia-purpurissata,932872,exact
polia-nugatis,932873,exact
melanchra-adjuncta,932874,exact
melanchra-picta,932875,exact
melanchra-pulverulenta,932876,exact
melanchra-assimilis,932877,exact
lacanobia-nevadae,932878,exact
lacanobia-atlantica,932879,exact
lacanobia-radix,932880,exact
lacanobia-subjuncta,932881,exact
lacanobia-grandis,932882,exact
spiramater-lutra,932883,exact
trichordestra-tacoma,932885,exact
trichordestra-dodii,932887,exact
trichordestra-lilacina,932889,exact
trichordestra-liquida,932890,exact
papestra-quadrata,932892,exact
papestra-biren,932893,exact
papestra-cristifera,932894,exact
papestra-brenda,932895,exact
papestra-invalida,932896,exact
hada-sutrina,932897,exact
mamestra-configurata,932898,exact
mamestra-curialis,932899,exact
sideridis-fuscolutea,932902,exact
sideridis-uscripta,932904,exact
sideridis-artesta,932905,exact
sideridis-rosea,932906,exact
sideridis-maryx,932908,exact
hecatera-dysodea,932909,exact
hadena-variolata,932910,exact
hadena-capsularis,932911,exact
hadena-circumvadis,932916,exact
hadena-caelestis,932917,exact
hadena-ectrapela,932919,exact
hadena-siskiyou,932924,exact
admetovis-oxymorus,932924.5,exact
admetovis-icarus,932924.51,exact
admetovis-similaris,932924.52,exact
dargida-procinctus,932925,exact
dargida-diffusa,932928,exact
mythimna-oxygala,932933,exact
mythimna-yuconensis,932934,exact
mythimna-unipuncta,932935,exact
leucania-farcta,932939,exact
leucania-anteroclara,932941,exact
leucania-phragmitidicola,932943,exact
leucania-multilinea,932945,exact
leucania-commoides,932947,exact
leucania-insueta,932948,exact
leucania-dia,932949,exact
leucania-oregona,932953.1,exact
leucania-sp,,unplaced
pseudanarta-caeca,932967.54,exact
pseudanarta-crocea,932967.55,exact
pseudanarta-flava,932967.56,exact
pseudanarta-singula,932967.57,exact
pseudanarta-sp,,unplaced
lasionycta-taigata,932969,exact
lasionycta-secedens,932970,exact
lasionycta-fergusoni,932974,exact
lasionycta-mutilata,932975,exact
lasionycta-haida,932976,exact
lasionycta-luteola,932977,exact
lasionycta-leucocycla,932978,exact
lasionycta-poca,932982,exact
lasionycta-illima,932984,exact
lasionycta-frigida,932985,exact
lasionycta-sasquatch,932986,exact
lasionycta-perplexa,932988,exact
lasionycta-perplexella,932989,exact
lasionycta-subfuscula,932991,exact
lasionycta-staudingeri,932992,exact
lasionycta-quadrilunata,932995,exact
lasionycta-lagganata,932996,exact
lasionycta-carolynae,932997,exact
lasionycta-uniformis,932999,exact
lasionycta-brunnea,933000,exact
lasionycta-caesia,933001,exact
lasionycta-gelida,933002,exact
lasionycta-promulsa,933005,exact
lasionycta-macleani,933006,exact
lasionycta-pulverea,933007,exact
lasionycta-silacea,933008,exact
lasionycta-impingens,933010,exact
psammopolia-arietis,933011,exact
psammopolia-wyatti,933012,exact
lacinipolia-meditata,933016,exact
lacinipolia-lustralis,933017,exact
lacinipolia-cuneata,933018,exact
lacinipolia-anguina,933019,exact
lacinipolia-longiclava,933021,exact
lacinipolia-naevia,933029,exact
lacinipolia-stenotis,933030,exact
lacinipolia-pensilis,933042,exact
lacinipolia-acutipennis,933042.1,exact
lacinipolia-sareta,933042.2,exact
lacinipolia-dimocki,933042.3,exact
lacinipolia-renigera,933044,exact
lacinipolia-stricta,933045,exact
lacinipolia-lorea,933052,exact
lacinipolia-olivacea,933053,exact
lacinipolia-bucketti,933054,exact
lacinipolia-davena,933061,exact
lacinipolia-comis,933062,exact
lacinipolia-rectilinea,933063,exact
lacinipolia-strigicollis,933069,exact
lacinipolia-quadrilineata,933075,exact
lacinipolia-patalis,933077,exact
lacinipolia-aff-pensilis,,unplaced
trichocerapoda-strigata,933082,exact
trichocerapoda-oblita,933083,exact
anhimella-perbrunnea,933085,exact
anhimella-contrahens,933086,exact
anhimella-pacifica,933087,exact
homorthodes-furfurata,933088,exact
homorthodes-communis,933090,exact
homorthodes-fractura,933091,exact
homorthodes-discreta,933092,exact
homorthodes-hanhami,933096,exact
homorthodes-carneola,933097,exact
trichopolia-curtica,933103,exact
trichopolia-eureka,933104,exact
trichopolia-incincta,933105,exact
trichopolia-oviduca,933113,exact
trichopolia-rufula,933115.3,exact
trichopolia-alfkenii,933115.5,exact
rhabdorthodes-pattersoni,933115.7,exact
nudorthodes-texana,933116,exact
ulolonche-dilecta,933123,exact
ulolonche-disticha,933124,exact
ulolonche-orbiculata,933125,exact
pseudorthodes-irrorata,933132,exact
pseudorthodes-puerilis,933133,exact
orthodes-goodelli,933141,exact
orthodes-obscura,933142,exact
orthodes-noverca,933143,exact
orthodes-detracta,933146,exact
zosteropoda-hirtipes,933163,exact
neleucania-praegracilis,933169,exact
tricholita-chipeta,933199,exact
hydroeciodes-serrata,933207,exact
peridroma-saucia,933211,exact
anicla-exuberans,933221,exact
anicla-tepperi,933223,exact
hemieuxoa-rudens,933227,exact
striacosta-albicosta,933228,exact
actebia-fennica,933229,exact
actebia-balanitis,933230,exact
dichagyris-grotei,933231,exact
dichagyris-variabilis,933251,exact
eucoptocnemis-canescens,933262,exact
richia-parentalis,933264,exact
copablepharon-longipenne,933268,exact
copablepharon-mutans,933273,exact
copablepharon-columbia,933274,exact
copablepharon-spiritum,933280,exact
copablepharon-canariana,933282,exact
copablepharon-grandis,933283,exact
copablepharon-absidum,933286,exact
copablepharon-fuscum,933287,exact
copablepharon-atrinotum,933288,exact
copablepharon-viridisparsa,933289,exact
protogygia-comstocki,933291,exact
protogygia-enalaga,933292,exact
protogygia-lagena,933293,exact
protogygia-postera,933294,exact
protogygia-arena,933298,exact
protogygia-album,933300,exact
protogygia-milleri,933306,exact
euxoa-bochus,933307,exact
euxoa-adumbrata,933308,exact
euxoa-auxiliaris,933309,exact
euxoa-shasta,933312,exact
euxoa-biformata,933313,exact
euxoa-intermontana,933314,exact
euxoa-mimallonis,933315,exact
euxoa-septentrionalis,933317,exact
euxoa-olivia,933318,exact
euxoa-messoria,933319,exact
euxoa-divergens,933320,exact
euxoa-edictalis,933322,exact
euxoa-westermanni,933323,exact
euxoa-quebecensis,933328,exact
euxoa-scandens,933329,exact
euxoa-aurulenta,933330,exact
euxoa-vallus,933331,exact
euxoa-macleani,933332,exact
euxoa-apopsis,933333,exact
euxoa-trifasciata,933335,exact
euxoa-lewisi,933336,exact
euxoa-altens,933337,exact
euxoa-cryptica,933339,exact
euxoa-extranea,933341,exact
euxoa-tristicula,933342,exact
euxoa-vetusta,933343,exact
euxoa-atomaris,933345,exact
euxoa-pleuritica,933346,exact
euxoa-pestula,933347,exact
euxoa-simona,933348,exact
euxoa-hardwicki,933349,exact
euxoa-medialis,933354,exact
euxoa-bifasciata,933355,exact
euxoa-perexcellens,933356,exact
euxoa-ustulata,933358,exact
euxoa-rufula,933359,exact
euxoa-intrita,933360,exact
euxoa-annulipes,933361,exact
euxoa-emma,933362,exact
euxoa-terrenus,933365,exact
euxoa-absona,933368,exact
euxoa-tocoyae,933370,exact
euxoa-scotogrammoides,933371,exact
euxoa-pluralis,933372,exact
euxoa-permixta,933374,exact
euxoa-setonia,933375,exact
euxoa-pallidimacula,933376,exact
euxoa-declarata,933378,exact
euxoa-campestris,933379,exact
euxoa-rockburnei,933380,exact
euxoa-silens,933382,exact
euxoa-pimensis,933383,exact
euxoa-simulata,933385,exact
euxoa-punctigera,933387,exact
euxoa-cana,933388,exact
euxoa-aurantiaca,933389,exact
euxoa-pallipennis,933393,exact
euxoa-tessellata,933395,exact
euxoa-plagigera,933396,exact
euxoa-albipennis,933397,exact
euxoa-henrietta,933398,exact
euxoa-hollemani,933401,exact
euxoa-subandera,933402,exact
euxoa-xasta,933403,exact
euxoa-catenula,933404,exact
euxoa-comosa,933405,exact
euxoa-lineifrons,933406,exact
euxoa-lucida,933408,exact
euxoa-occidentalis,933410,exact
euxoa-infausta,933412,exact
euxoa-satis,933413,exact
euxoa-faulkneri,933414,exact
euxoa-brunneigera,933415,exact
euxoa-excogita,933416,exact
euxoa-bicollaris,933417,exact
euxoa-satiens,933421,exact
euxoa-ochrogaster,933424,exact
euxoa-nostra,933425,exact
euxoa-choris,933427,exact
euxoa-obeliscoides,933428,exact
euxoa-lillooet,933430,exact
euxoa-basalis,933431,exact
euxoa-costata,933432,exact
euxoa-castanea,933433,exact
euxoa-idahoensis,933435,exact
euxoa-furtivus,933436,exact
euxoa-brevipennis,933438,exact
euxoa-servitus,933439,exact
euxoa-auripennis,933441,exact
euxoa-olivalis,933442,exact
euxoa-agema,933443,exact
euxoa-oblongistigma,933444,exact
euxoa-citricolor,933445,exact
euxoa-tronellus,933446,exact
euxoa-difformis,933448,exact
euxoa-moerens,933449,exact
euxoa-latro,933450,exact
euxoa-murdocki,933451,exact
euxoa-dodi,933452,exact
euxoa-infracta,933453,exact
euxoa-laetificans,933454,exact
euxoa-quadridentata,933455,exact
euxoa-dargo,933459,exact
euxoa-melura,933460,exact
euxoa-cicatricosa,933462,exact
euxoa-recula,933463,exact
euxoa-aequalis,933464,exact
euxoa-cona,933466,exact
euxoa-munis,933467,exact
euxoa-misturata,933468,exact
euxoa-atristrigata,933470,exact
euxoa-nevada,933471,exact
euxoa-cinereopallidus,933472,exact
euxoa-mitis,933473,exact
euxoa-aberrans,933475,exact
euxoa-nomas,933476,exact
euxoa-manitobana,933478,exact
euxoa-perolivalis,933480,exact
euxoa-perpolita,933481,exact
euxoa-taura,933482,exact
euxoa-flavicollis,933483,exact
euxoa-maimes,933484,exact
euxoa-ridingsiana,933485,exact
euxoa-wilsoni,933486,exact
feltia-mollis,933488,exact
feltia-nigrita,933489,exact
feltia-jaculifera,933498,exact
feltia-subgothica,933501,exact
feltia-herilis,933503,exact
agrotis-vetusta,933506,exact
agrotis-daedalus,933507,exact
agrotis-ruta,933510,exact
agrotis-longicornis,933511,exact
agrotis-orthogonia,933512,exact
agrotis-venerabilis,933516,exact
agrotis-vancouverensis,933517,exact
agrotis-gravis,933518,exact
agrotis-obliqua,933522,exact
agrotis-antica,933523,exact
agrotis-ipsilon,933528,exact
ochropleura-implecta,933529,exact
diarsia-esurialis,933530,exact
diarsia-calgary,933531,exact
diarsia-dislocata,933532,exact
diarsia-rubifera,933534,exact
diarsia-rosaria,933535,exact
cerastis-enigmatica,933540,exact
cerastis-gloriosa,933541,exact
cerastis-salicarum,933542,exact
paradiarsia-littoralis,933544,exact
lycophotia-phyllophora,933547,exact
rhyacia-clemens,933549,exact
chersotis-juncta,933550,exact
noctua-pronuba,933551,exact
noctua-comes,933552,exact
cryptocala-acadiensis,933553,exact
spaelotis-clandestina,933554,exact
spaelotis-bicava,933555,exact
spaelotis-unicava,933556,exact
spaelotis-havilae,933557,exact
spaelotis-velicava,933558,exact
eurois-occulta,933560,exact
eurois-astricta,933561,exact
eurois-nigra,933562,exact
graphiphora-augur,933563,exact
anaplectoides-prasina,933564,exact
anaplectoides-pressus,933565,exact
aplectoides-condita,933567,exact
eueretagrotis-perattentus,933569,exact
xestia-xanthographa,933571,exact
xestia-smithii,933572,exact
xestia-normanianus,933573,exact
xestia-oblata,933575,exact
xestia-cinerascens,933576,exact
xestia-plebeia,933577,exact
xestia-mustelina,933578,exact
xestia-vernilis,933579,exact
xestia-verniloides,933580,exact
xestia-infimatis,933581,exact
xestia-finatimis,933582,exact
xestia-praevia,933585,exact
xestia-c-nigrum,933588,exact
xestia-maculata,933595,exact
xestia-speciosa,933596,exact
xestia-mixta,933597,exact
xestia-imperita,933598,exact
xestia-atrata,933600,exact
xestia-ursae,933601,exact
xestia-tecta,933602,exact
xestia-okakensis,933604,exact
xestia-perquiritata,933606,exact
xestia-fabulosa,933607,exact
xestia-homogena,933608,exact
xestia-intermedia,933609,exact
xestia-bryanti,933614,exact
xestia-lyngei,933615,exact
xestia-lupa,933619,exact
coenophila-opacifrons,933624,exact
prognorisma-substrigata,933625,exact
agnorisma-bugrai,933627,exact
pseudohermonassa-tenuicula,933630,exact
pseudohermonassa-flavotincta,933631,exact
setagrotis-pallidicollis,933633,exact
setagrotis-vocalis,933634,exact
setagrotis-radiola,933635,exact
tesagrotis-atrifrons,933636,exact
tesagrotis-piscipellis,933637,exact
tesagrotis-corrodera,933638,exact
tesagrotis-amia,933639,exact
adelphagrotis-stellaris,933640,exact
adelphagrotis-indeterminata,933641,exact
adelphagrotis-carissima,933642,exact
parabagrotis-formalis,933643,exact
parabagrotis-insularis,933644,exact
parabagrotis-cupidissima,933645,exact
parabagrotis-exsertistigma,933646,exact
parabagrotis-sulinaris,933647,exact
protolampra-rufipectus,933648,exact
protolampra-brunneicollis,933649,exact
abagrotis-erratica,933650,exact
abagrotis-trigona,933653,exact
abagrotis-apposita,933654,exact
abagrotis-vittifrons,933655,exact
abagrotis-mirabilis,933657,exact
abagrotis-rubricundis,933658,exact
abagrotis-glenni,933659,exact
abagrotis-striata,933661,exact
abagrotis-pulchrata,933662,exact
abagrotis-nefascia,933663,exact
abagrotis-reedi,933664,exact
abagrotis-duanca,933665,exact
abagrotis-nanalis,933666,exact
abagrotis-discoidalis,933667,exact
abagrotis-turbulenta,933668,exact
abagrotis-hermina,933669,exact
abagrotis-dodi,933670,exact
abagrotis-dickeli,933671,exact
abagrotis-placida,933672,exact
abagrotis-petalama,933674,exact
abagrotis-orbis,933676,exact
abagrotis-baueri,933677,exact
abagrotis-variata,933678,exact
abagrotis-scopeops,933679,exact
abagrotis-forbesi,933682,exact
abagrotis-brunneipennis,933683,exact
abagrotis-cupida,933685,exact
pronoctua-typica,933689,exact
pronoctua-pyrophiloides,933690,exact
pronoctua-peabodyae,933691,exact
pronoctua-craboi,933692,exact
