state,legacy_name,stable_id,notes
ID,Ada,US:16001,
ID,Adams,US:16003,
ID,Bannock,US:16005,
ID,Bear Lake,US:16007,
ID,Beaver,US:16029,"Data-entry anomaly: no Beaver County exists in Idaho; record id 178968's coordinates (lat 42.32/lon -111.13) are near Soda Springs, ID; mapped to Caribou County, ID (Soda Springs is the county seat) [VERIFIED: US Census national_county2020.txt]"
ID,Benewah,US:16009,
ID,Bingham,US:16011,
ID,Blaine,US:16013,
ID,Boise,US:16015,
ID,Bonner,US:16017,
ID,Bonneville,US:16019,
ID,Boundary,US:16021,
ID,Butte,US:16023,
ID,Camas,US:16025,
ID,Canyon,US:16027,
ID,Caribou,US:16029,
ID,Cassia,US:16031,
ID,Clark,US:16033,
ID,Clearwater,US:16035,
ID,Custer,US:16037,
ID,Elmore,US:16039,
ID,Franklin,US:16041,
ID,Fremont,US:16043,
ID,Gem,US:16045,
ID,Gooding,US:16047,
ID,Idaho,US:16049,
ID,Jefferson,US:16051,
ID,Jerome,US:16053,
ID,Kootenai,US:16055,
ID,Latah,US:16057,
ID,Lemhi,US:16059,
ID,Lewis,US:16061,
ID,Lincoln,US:16063,
ID,Madison,US:16065,
ID,Minidoka,US:16067,
ID,Nez Perce,US:16069,
ID,Oneida,US:16071,
ID,Owyhee,US:16073,
ID,Payette,US:16075,
ID,Power,US:16077,
ID,Shoshone,US:16079,
ID,Teton,US:16081,
ID,Twin Falls,US:16083,
ID,Valley,US:16085,
ID,Washington,US:16087,
MT,Beaverhead,US:30001,
MT,Big Horn,US:30003,
MT,Blaine,US:30005,
MT,Broadwater,US:30007,
MT,Carbon,US:30009,
MT,Cascade,US:30013,
MT,Chouteau,US:30015,
MT,Fergus,US:30027,
MT,Flathead,US:30029,
MT,Gallatin,US:30031,
MT,Glacier,US:30035,
MT,Granite,US:30039,
MT,Hill,US:30041,
MT,Jefferson,US:30043,
MT,Judith Basin,US:30045,
MT,Lake,US:30047,
MT,Lewis & Clark,US:30049,"Census name is ""Lewis and Clark County""; ampersand normalized for lookup [VERIFIED: US Census national_county2020.txt]"
MT,Lincoln,US:30053,
MT,Madison,US:30057,
MT,Meagher,US:30059,
MT,Mineral,US:30061,
MT,Missoula,US:30063,
MT,Park,US:30067,
MT,Petroleum,US:30069,
MT,Phillips,US:30071,
MT,Powell,US:30077,
MT,Ravalli,US:30081,
MT,Sanders,US:30089,
MT,Silver Bow,US:30093,
MT,Stillwater,US:30095,
MT,Sweet Grass,US:30097,
MT,Teton,US:30099,
MT,Toole,US:30101,
MT,Treasure,US:30103,
MT,Yellowstone,US:30111,
OR,Baker,US:41001,
OR,Benton,US:41003,
OR,Clackamas,US:41005,
OR,Clatsop,US:41007,
OR,Columbia,US:41009,
OR,Coos,US:41011,
OR,Crook,US:41013,
OR,Curry,US:41015,
OR,Deschutes,US:41017,
OR,Douglas,US:41019,
OR,Gilliam,US:41021,
OR,Grant,US:41023,
OR,Harney,US:41025,
OR,Hood River,US:41027,
OR,Jackson,US:41029,
OR,Jefferson,US:41031,
OR,Josephine,US:41033,
OR,Klamath,US:41035,
OR,Lake,US:41037,
OR,Lane,US:41039,
OR,Lincoln,US:41041,
OR,Linn,US:41043,
OR,Malheur,US:41045,
OR,Marion,US:41047,
OR,Morrow,US:41049,
OR,Multnomah,US:41051,
OR,Polk,US:41053,
OR,Sherman,US:41055,
OR,Tillamook,US:41057,
OR,Umatilla,US:41059,
OR,Union,US:41061,
OR,Wallowa,US:41063,
OR,Wasco,US:41065,
OR,Washington,US:41067,
OR,Wheeler,US:41069,
OR,Yamhill,US:41071,
WA,Adams,US:53001,
WA,Asotin,US:53003,
WA,Benton,US:53005,
WA,Chelan,US:53007,
WA,Clallam,US:53009,
WA,Clark,US:53011,
WA,Columbia,US:53013,
WA,Cowlitz,US:53015,
WA,Douglas,US:53017,
WA,Ferry,US:53019,
WA,Franklin,US:53021,
WA,Garfield,US:53023,
WA,Grant,US:53025,
WA,Grays Harbor,US:53027,
WA,Island,US:53029,
WA,Jefferson,US:53031,
WA,King,US:53033,
WA,Kitsap,US:53035,
WA,Kittitas,US:53037,
WA,Klickitat,US:53039,
WA,Lake,US:41037,"Data-entry anomaly: no Lake County exists in WA; record id 155616's coordinates (lat 42.28/lon -120.19) fall in south-central Oregon; mapped to Lake County, OR (state mis-tagged in legacy DB) [VERIFIED: US Census national_county2020.txt]"
WA,Lewis,US:53041,
WA,Lincoln,US:53043,
WA,Mason,US:53045,
WA,Okanogan,US:53047,
WA,Pacific,US:53049,
WA,Pend Oreille,US:53051,
WA,Pierce,US:53053,
WA,San Juan,US:53055,
WA,Skagit,US:53057,
WA,Skamania,US:53059,
WA,Snohomish,US:53061,
WA,Spokane,US:53063,
WA,Stevens,US:53065,
WA,Thurston,US:53067,
WA,Wahkiakum,US:53069,
WA,Walla Walla,US:53071,
WA,Whatcom,US:53073,
WA,Whitman,US:53075,
WA,Yakima,US:53077,
BC,Alberni-Clayoquot,CA:5923,
BC,Bulkley-Nechako,CA:5951,
BC,Capital,CA:5917,
BC,Cariboo,CA:5941,
BC,Central Coast,CA:5945,
BC,Central Kootenay,CA:5903,
BC,Central Okanagan,CA:5935,
BC,Columbia-Shuswap,CA:5939,
BC,Comox Valley,CA:5926,
BC,Cowichan Valley,CA:5919,
BC,Cranbrook,CA:5901,"Cranbrook is a city within the Regional District of East Kootenay, not itself a regional district; legacy data-entry error (town name recorded where a regional district name was expected) — mapped to containing RD, East Kootenay (CDUID 5901) [VERIFIED: StatCan CR2016Geo API cpt=59]"
BC,East Kootenay,CA:5901,
BC,Fraser Valley,CA:5909,
BC,Fraser-Fort George,CA:5953,
BC,Greater Vancouver,CA:5915,Administratively renamed Metro Vancouver Regional District (~2007); CDUID unchanged per StatCan convention [VERIFIED: StatCan CR2016Geo API cpt=59]
BC,Kitimat-Stikine,CA:5949,
BC,Kootenay Boundary,CA:5905,
BC,Metro Vancouver,CA:5915,"Current name for the district legacy-recorded as ""Greater Vancouver""; same CDUID 5915 [VERIFIED: StatCan CR2016Geo API cpt=59]"
BC,Mount Waddington,CA:5943,
BC,Nanaimo,CA:5921,
BC,North Okanagan,CA:5937,
BC,Northern Rockies,CA:5959,"Legally a ""Regional Municipality,"" not a ""Regional District""; absent from the BC Data Catalogue ABMS_REGIONAL_DISTRICTS_SP boundary layer Phase 45 uses as its primary boundary source — flag forward to Phases 45/46 for a supplementary boundary source [VERIFIED: StatCan CR2016Geo API cpt=59]"
BC,Okanagan-Similkameen,CA:5907,
BC,Peace River,CA:5955,
BC,Powell River,CA:5927,"Renamed qathet Regional District, 2019; CDUID unchanged per StatCan convention [VERIFIED: StatCan CR2016Geo API cpt=59]"
BC,Skeena-Queen Charlotte,CA:5947,"Renamed North Coast Regional District, 2016 [VERIFIED: StatCan CR2016Geo API cpt=59; statcan.gc.ca SGC reference]"
BC,Squamish-Lillooet,CA:5931,
BC,Stikine,CA:5957,"Legally a ""Region"" (unincorporated), not a regional district; StatCan CD type is ""Region"" [VERIFIED: StatCan CR2016Geo API cpt=59]"
BC,Strathcona,CA:5924,
BC,Sunshine Coast,CA:5929,
BC,Thompson-Nicola,CA:5933,
AB,Division No. 4,CA:4804,"Alberta census division (StatCan CD type), not a ""county"" or ""regional district""; out of Browse-filter scope (Phase 48 dropdown) per CONTEXT.md, but retains an assigned stable ID [VERIFIED: StatCan CR2016Geo API cpt=48]"
