char_id,image_filename,alt_text
5,US_Coast Range.webp,
6,US_Willamette Valley.webp,
7,US_Puget lowland.webp,
8,US_Eastern Cascades and foothills.webp,
9,US_Columbia Plateau.webp,
10,US_Northern Rockies.webp,
11,US_BlueMts.webp,
12,US_Olympic Highlands.webp,
13,US_North Cascades.webp,
14,US_Cascades.webp,
15,US_Columbia Plateau.webp,
16,US_Northern Rockies.webp,
17,US_BlueMts.webp,
18,US_Northern Basin and Range.webp,
19,US_Snake river plain.webp,
20,US_Idaho Batholith.webp,
21,US_Middle Rockies.webp,
22,US_Wyoming Basin.webp,
23,US_Wasatch and Uinta Mts.webp,
24,US_Central Basin and Range.webp,
25,US_Coast Range.webp,
26,US_Willamette Valley.webp,
27,US_Eastern Cascades and foothills.webp,
28,US_Columbia Plateau.webp,
29,US_BlueMts.webp,
30,US_Cascades.webp,
31,US_KlamathMts CaHigh North Coast Range.webp,
32,US_Northern Basin and Range.webp,
33,US_Snake river plain.webp,
34,US_Northern Rockies.webp,
35,US_Idaho Batholith.webp,
36,US_Middle Rockies.webp,
37,US_Canadian Rockies.webp,
38,US_Wyoming Basin.webp,
41,Ecoprovince_Georgia_depression.webp,
42,Ecoprovince_Coast_and_Mts.webp,
43,Ecoprovince_SInterior.webp,
44,Ecoprovince_SInteriorMts.webp,
45,Ecoprovince_CInterior.webp,
46,Ecoprovince_Sub_Boreal_interior.webp,
47,Ecoprovince_Boreal_Plains.webp,
48,Ecoprovince_Taiga_plains.webp,
49,Ecoprovince_NBoreal_Mts.webp,
98,Scalloped fringe 1.webp,
99,FW irregular margin YES.webp,
100,Smooth fring 2.webp,
101,Hindwing fringe scalloped 2.webp,
102,HW with irregular margin YES.webp,
103,Hindwing fringe smooth.webp,
104,"Hooked Wing Tip, Yes.webp",
105,"Hooked Wing Tip, no.webp",
106,Relative hindwing size small.webp,
107,Relative hindwing size similar.webp,
108,Relative hindwing size Larger.webp,
109,Black Forewing.webp,
110,White Forewing.webp,
111,Grey Forewing.webp,
112,Brown Forewing.webp,
113,Tan Forewing.webp,
114,Yellow Forewing.webp,
115,Orange Forewing.webp,
116,Red Forewing.webp,
117,Pink Forewing.webp,
118,Purple Forewing.webp,
119,Blue Forewing.webp,
120,Green Forewing.webp,
121,Transparent Forewing.webp,
123,Black.webp,
124,White.webp,
125,Grey.webp,
126,Brown.webp,
127,Tan.webp,
128,Yellow.webp,
129,Orange.webp,
130,Red.webp,
131,Pink.webp,
132,Purple.webp,
133,Blue.webp,
134,Green.webp,
135,Transparent.webp,
136,"Forewing Stigma, Yes.webp",
137,"Forewing stigma, no.webp",
138,"Forewing stigma very large, Yes.webp",
139,"Forewing stigma very large, no.webp",
140,Forewing Stigma Divided.webp,
141,Forewing Stigma Bilobed.webp,
142,Forewing Stigma Sock Shaped.webp,
143,Forewing Stigma Elongated.webp,
144,Forewing Stigma U_V Shaped.webp,
145,Forewing Stigma Long Line.webp,
146,"Forewing stigma contrasting median area, yes.webp",
147,"Forewing Contrasting median area behind stigma, no.webp",
148,FW wings contrast with rest of wing YES.webp,
149,FW veins contrast with rest of wing NO.webp,
150,"Forewing fine parallel lines, yes.webp",
151,"Forewing fine parallel lines, no.webp",
152,Forewing Anal Dash Yes.webp,
153,Forewing Anal Dash No.webp,
154,"forewing median line, yes.webp",
155,Forewing Median Dash No.webp,
156,"forewing basal dash, yes.webp",
157,"forewing basal dash, no.webp",
158,"Forewing apical dash, yes.webp",
159,"Forewing apical dash, no.webp",
160,Marginal band weakly present.webp,
161,Light costal stripe absent.webp,
162,Eyespot present forewing.webp,
163,FW eyespot NO.webp,
164,"Forewing claviform spot, yes.webp",
165,"forewing claviform spot, no.webp",
166,"Forewing White dot in anal region, Yes.webp",
167,"Forewing white dot in anal region, No.webp",
168,"both an orbicular and discal spot clearly present on the forewing, yes.webp",
169,Forewing Spots.webp,
170,"Forewing with large spot spanning orbicular and reniform, Yes.webp",
171,"both an orbicular and discal spot clearly present on the forewing, No.webp",
172,Distinct forewing fringe.webp,
173,Indistinct forewing fringe.webp,
174,Black Hindwing.webp,
175,White Hindwing.webp,
176,Grey Hindwing.webp,
177,Brown Hindwing.webp,
178,Tan hindwing.webp,
179,YellowHindwing.webp,
180,Orange Hindwing.webp,
181,Red Hindwing.webp,
182,Pink Hindwing.webp,
183,Purple Hindwing.webp,
184,"Forewing Orbicular Spot Present, No.webp",
185,Green Hindwing.webp,
186,Transparent Hindwing.webp,
188,Black copy.webp,
189,White copy.webp,
190,Grey copy.webp,
191,Brown copy.webp,
192,Tan copy.webp,
193,Yellow.webp,
194,Orange.webp,
195,Red copy.webp,
196,Pink.webp,
197,Purple.webp,
198,Blue.webp,
199,Green copy.webp,
200,Transparent copy.webp,
201,Eyespot present hindwing.webp,
202,HW eyespot NO.webp,
203,Forewing Orbicular Spot Light Outline Dark Interior.webp,
204,Discal spot hindwing absent.webp,
205,Discal spot hindwing strong.webp,
206,Discal spot hindwing weak.webp,
207,Forewing veins indistinct.webp,
208,Hindwing veins indistinct.webp,
209,Postmedial line present.webp,
210,Postmedial line absent.webp,
211,Marginal band strongly present.webp,
212,Marginal band absent.webp,
213,Marginal band strongly present.webp,
214,Hindwing with marginal band lighter than adjacent area.webp,
215,HW with marginal band spots.webp,
216,HW with NO marginal band spots.webp,
217,Hindwing fringe distinct.webp,
218,Hindwing fringe indistinct.webp,
219,abdomen and thorax different color pattern YES.webp,
220,Abdomen and thorax indistinct.webp,
221,Thorax-forewing blends.webp,
222,Thorax-forewing doesn't blend.webp,
223,patagia distinct.webp,
224,patagia indistinct.webp,
225,Collar distinct.webp,
226,Collars indistinct.webp,
227,Abdomen lined.webp,
228,abdomen plain.webp,
229,abdomen dotted.webp,
230,abdomen plain.webp,
231,abdomen with strongly contrasting bands YES.webp,
232,abdomen plain.webp,
233,"Abdomen Dipped, Yes.webp",
234,"Abdomen Dipped, no.webp",
235,"Hair Eyeballs, Yes.webp",
236,"Hair Eyeballs, No.webp",
