species_slug,plate_slug
abagrotis-apposita,plate-95-noctuidae-lxvi-noctuinae-noctuini-xx
abagrotis-baueri,plate-96-noctuidae-lxvii-noctuinae-noctuini-xxi
abagrotis-brunneipennis,plate-96-noctuidae-lxvii-noctuinae-noctuini-xxi
abagrotis-cupida,plate-96-noctuidae-lxvii-noctuinae-noctuini-xxi
abagrotis-dickeli,plate-96-noctuidae-lxvii-noctuinae-noctuini-xxi
abagrotis-discoidalis,plate-95-noctuidae-lxvi-noctuinae-noctuini-xx
abagrotis-dodi,plate-96-noctuidae-lxvii-noctuinae-noctuini-xxi
abagrotis-duanca,plate-95-noctuidae-lxvi-noctuinae-noctuini-xx
abagrotis-erratica,plate-95-noctuidae-lxvi-noctuinae-noctuini-xx
abagrotis-forbesi,plate-96-noctuidae-lxvii-noctuinae-noctuini-xxi
abagrotis-glenni,plate-95-noctuidae-lxvi-noctuinae-noctuini-xx
abagrotis-hermina,plate-96-noctuidae-lxvii-noctuinae-noctuini-xxi
abagrotis-mirabilis,plate-95-noctuidae-lxvi-noctuinae-noctuini-xx
abagrotis-nanalis,plate-95-noctuidae-lxvi-noctuinae-noctuini-xx
abagrotis-nefascia,plate-95-noctuidae-lxvi-noctuinae-noctuini-xx
abagrotis-orbis,plate-96-noctuidae-lxvii-noctuinae-noctuini-xxi
abagrotis-petalama,plate-96-noctuidae-lxvii-noctuinae-noctuini-xxi
abagrotis-placida,plate-96-noctuidae-lxvii-noctuinae-noctuini-xxi
abagrotis-pulchrata,plate-95-noctuidae-lxvi-noctuinae-noctuini-xx
abagrotis-reedi,plate-95-noctuidae-lxvi-noctuinae-noctuini-xx
abagrotis-rubricundis,plate-95-noctuidae-lxvi-noctuinae-noctuini-xx
abagrotis-scopeops,plate-96-noctuidae-lxvii-noctuinae-noctuini-xxi
abagrotis-striata,plate-95-noctuidae-lxvi-noctuinae-noctuini-xx
abagrotis-trigona,plate-95-noctuidae-lxvi-noctuinae-noctuini-xx
abagrotis-turbulenta,plate-96-noctuidae-lxvii-noctuinae-noctuini-xxi
abagrotis-variata,plate-96-noctuidae-lxvii-noctuinae-noctuini-xxi
abagrotis-vittifrons,plate-95-noctuidae-lxvi-noctuinae-noctuini-xx
abrostola-urentis,plate-30-euteliidae-etc
acerra-normalis,plate-63-noctuidae-xxxiv-noctuinae-xylenini-ix-and-orthosiini-i
acontia-coquillettii,plate-33-noctuidae-iv-eustrotiinae-and-acontiinae
acontia-cretata,plate-33-noctuidae-iv-eustrotiinae-and-acontiinae
acopa-perpallida,plate-39-noctuidae-x-amphipyrinae-i
acronicta-americana,plate-35-noctuidae-vi-acronictinae-i
acronicta-cyanescens,plate-35-noctuidae-vi-acronictinae-i
acronicta-fragilis,plate-36-noctuidae-vii-acronictinae-ii
acronicta-funeralis,plate-36-noctuidae-vii-acronictinae-ii
acronicta-grisea,plate-35-noctuidae-vi-acronictinae-i
acronicta-hasta,plate-36-noctuidae-vii-acronictinae-ii
acronicta-impleta,plate-36-noctuidae-vii-acronictinae-ii
acronicta-impressa,plate-36-noctuidae-vii-acronictinae-ii
acronicta-innotata,plate-35-noctuidae-vi-acronictinae-i
acronicta-insita,plate-35-noctuidae-vi-acronictinae-i
acronicta-insularis,plate-36-noctuidae-vii-acronictinae-ii
acronicta-lanceolaria,plate-36-noctuidae-vii-acronictinae-ii
acronicta-lepusculina,plate-35-noctuidae-vi-acronictinae-i
acronicta-lupini,plate-36-noctuidae-vii-acronictinae-ii
acronicta-mansueta,plate-36-noctuidae-vii-acronictinae-ii
acronicta-marmorata,plate-36-noctuidae-vii-acronictinae-ii
acronicta-oblinita,plate-36-noctuidae-vii-acronictinae-ii
acronicta-perdita,plate-36-noctuidae-vii-acronictinae-ii
acronicta-quadrata,plate-36-noctuidae-vii-acronictinae-ii
acronicta-radcliffei,plate-35-noctuidae-vi-acronictinae-i
acronicta-strigulata,plate-36-noctuidae-vii-acronictinae-ii
acronicta-vulpina,plate-35-noctuidae-vi-acronictinae-i
actebia-balanitis,plate-76-noctuidae-xlvii-noctuinae-noctuini-i
actebia-fennica,plate-76-noctuidae-xlvii-noctuinae-noctuini-i
adelphagrotis-carissima,plate-94-noctuidae-lxv-noctuinae-noctuini-xix
adelphagrotis-indeterminata,plate-94-noctuidae-lxv-noctuinae-noctuini-xix
adelphagrotis-stellaris,plate-94-noctuidae-lxv-noctuinae-noctuini-xix
admetovis-icarus,plate-69-noctuidae-xl-noctuinae-hadenini-iv
admetovis-oxymorus,plate-69-noctuidae-xl-noctuinae-hadenini-iv
admetovis-similaris,plate-69-noctuidae-xl-noctuinae-hadenini-iv
afotella-cylindrica,plate-66-noctuidae-xxxvii-noctuinae-hadenini-i
agnorisma-bugrai,plate-93-noctuidae-lxiv-noctuinae-noctuini-xviii
agrius-cingulata,plate-7-sphingidae-i
agrochola-pulchella,plate-57-noctuidae-xxviii-noctuinae-xylenini-iii
agrochola-purpurea,plate-57-noctuidae-xxviii-noctuinae-xylenini-iii
agrotis-antica,plate-89-noctuidae-lx-noctuinae-noctuini-xiv
agrotis-daedalus,plate-89-noctuidae-lx-noctuinae-noctuini-xiv
agrotis-gravis,plate-89-noctuidae-lx-noctuinae-noctuini-xiv
agrotis-ipsilon,plate-89-noctuidae-lx-noctuinae-noctuini-xiv
agrotis-longicornis,plate-89-noctuidae-lx-noctuinae-noctuini-xiv
agrotis-obliqua,plate-89-noctuidae-lx-noctuinae-noctuini-xiv
agrotis-orthogonia,plate-89-noctuidae-lx-noctuinae-noctuini-xiv
agrotis-ruta,plate-89-noctuidae-lx-noctuinae-noctuini-xiv
agrotis-vancouverensis,plate-89-noctuidae-lx-noctuinae-noctuini-xiv
agrotis-venerabilis,plate-89-noctuidae-lx-noctuinae-noctuini-xiv
agrotis-vetusta,plate-89-noctuidae-lx-noctuinae-noctuini-xiv
alastria-chico,plate-47-noctuidae-xviii-noctuinae-caradrinini-and-actinotiini
alypia-langtoni,plate-44-noctuidae-xv-heliothinae-i
alypia-ridingsii,plate-44-noctuidae-xv-heliothinae-i
amphipoea-americana,plate-53-noctuidae-xxiv-noctuinae-apameini-vi
amphipoea-interoceanica,plate-53-noctuidae-xxiv-noctuinae-apameini-vi
amphipoea-keiferi,plate-53-noctuidae-xxiv-noctuinae-apameini-vi
amphipoea-lunata,plate-53-noctuidae-xxiv-noctuinae-apameini-vi
amphipoea-pacifica,plate-53-noctuidae-xxiv-noctuinae-apameini-vi
amphipyra-brunneoatra,plate-39-noctuidae-x-amphipyrinae-i
amphipyra-glabella,plate-39-noctuidae-x-amphipyrinae-i
amphipyra-pyramidoides,plate-39-noctuidae-x-amphipyrinae-i
amphipyra-tragopoginis,plate-39-noctuidae-x-amphipyrinae-i
anagrapha-falcifera,plate-32-noctuidae-iii-plusiinae-iii
anaplectoides-prasina,plate-91-noctuidae-lxii-noctuinae-noctuini-xvi
anaplectoides-pressus,plate-91-noctuidae-lxii-noctuinae-noctuini-xvi
anarta-alta,plate-66-noctuidae-xxxvii-noctuinae-hadenini-i
anarta-antica,plate-66-noctuidae-xxxvii-noctuinae-hadenini-i
anarta-columbica,plate-66-noctuidae-xxxvii-noctuinae-hadenini-i
anarta-crotchii,plate-66-noctuidae-xxxvii-noctuinae-hadenini-i
anarta-decepta,plate-66-noctuidae-xxxvii-noctuinae-hadenini-i
anarta-edwardsii,plate-66-noctuidae-xxxvii-noctuinae-hadenini-i
anarta-farnhami,plate-66-noctuidae-xxxvii-noctuinae-hadenini-i
anarta-fulgora,plate-66-noctuidae-xxxvii-noctuinae-hadenini-i
anarta-fusculenta,plate-66-noctuidae-xxxvii-noctuinae-hadenini-i
anarta-hamata,plate-66-noctuidae-xxxvii-noctuinae-hadenini-i
anarta-inconcinna,plate-66-noctuidae-xxxvii-noctuinae-hadenini-i
anarta-mutata,plate-66-noctuidae-xxxvii-noctuinae-hadenini-i
anarta-nigrolunata,plate-66-noctuidae-xxxvii-noctuinae-hadenini-i
anarta-oregonica,plate-66-noctuidae-xxxvii-noctuinae-hadenini-i
anarta-trifolii,plate-66-noctuidae-xxxvii-noctuinae-hadenini-i
anathix-aggressa,plate-57-noctuidae-xxviii-noctuinae-xylenini-iii
anathix-puta,plate-57-noctuidae-xxviii-noctuinae-xylenini-iii
androloma-maccullochii,plate-44-noctuidae-xv-heliothinae-i
andropolia-aedon,plate-61-noctuidae-xxxii-noctuinae-xylenini-vii
andropolia-contacta,plate-61-noctuidae-xxxii-noctuinae-xylenini-vii
andropolia-diversilineata,plate-61-noctuidae-xxxii-noctuinae-xylenini-vii
andropolia-theodori,plate-61-noctuidae-xxxii-noctuinae-xylenini-vii
anhimella-contrahens,plate-74-noctuidae-xlv-noctuinae-eriopygini-iv
anhimella-pacifica,plate-74-noctuidae-xlv-noctuinae-eriopygini-iv
anhimella-perbrunnea,plate-74-noctuidae-xlv-noctuinae-eriopygini-iv
anicla-exuberans,plate-76-noctuidae-xlvii-noctuinae-noctuini-i
anicla-tepperi,plate-76-noctuidae-xlvii-noctuinae-noctuini-i
annaphila-arvalis,plate-40-noctuidae-xi-amphipyrinae-ii-and-oncocnemidinae-i
annaphila-casta,plate-40-noctuidae-xi-amphipyrinae-ii-and-oncocnemidinae-i
annaphila-danistica,plate-40-noctuidae-xi-amphipyrinae-ii-and-oncocnemidinae-i
annaphila-decia,plate-40-noctuidae-xi-amphipyrinae-ii-and-oncocnemidinae-i
annaphila-depicta,plate-40-noctuidae-xi-amphipyrinae-ii-and-oncocnemidinae-i
annaphila-diva,plate-40-noctuidae-xi-amphipyrinae-ii-and-oncocnemidinae-i
annaphila-divinula,plate-40-noctuidae-xi-amphipyrinae-ii-and-oncocnemidinae-i
annaphila-lithosina,plate-40-noctuidae-xi-amphipyrinae-ii-and-oncocnemidinae-i
annaphila-macfarlandi,plate-40-noctuidae-xi-amphipyrinae-ii-and-oncocnemidinae-i
annaphila-mera,plate-40-noctuidae-xi-amphipyrinae-ii-and-oncocnemidinae-i
annaphila-miona,plate-40-noctuidae-xi-amphipyrinae-ii-and-oncocnemidinae-i
antheraea-polyphemus,plate-4-saturniidae-ii
apamea-acera,plate-50-noctuidae-xxi-noctuinae-apameini-iii
apamea-albina,plate-50-noctuidae-xxi-noctuinae-apameini-iii
apamea-alia,plate-48-noctuidae-xix-noctuinae-apameini-i
apamea-amputatrix,plate-50-noctuidae-xxi-noctuinae-apameini-iii
apamea-antennata,plate-49-noctuidae-xx-noctuinae-apameini-ii
apamea-atriclava,plate-49-noctuidae-xx-noctuinae-apameini-ii
apamea-auranticolor,plate-49-noctuidae-xx-noctuinae-apameini-ii
apamea-burgessi,plate-50-noctuidae-xxi-noctuinae-apameini-iii
apamea-centralis,plate-50-noctuidae-xxi-noctuinae-apameini-iii
apamea-cinefacta,plate-48-noctuidae-xix-noctuinae-apameini-i
apamea-cogitata,plate-50-noctuidae-xxi-noctuinae-apameini-iii
apamea-commoda,plate-49-noctuidae-xx-noctuinae-apameini-ii
apamea-contradicta,plate-51-noctuidae-xxii-noctuinae-apameini-iv
apamea-cuculliformis,plate-48-noctuidae-xix-noctuinae-apameini-i
apamea-devastator,plate-51-noctuidae-xxii-noctuinae-apameini-iv
apamea-digitula,plate-48-noctuidae-xix-noctuinae-apameini-i
apamea-impulsa,plate-48-noctuidae-xix-noctuinae-apameini-i
apamea-indocilis,plate-48-noctuidae-xix-noctuinae-apameini-i
apamea-inficita,plate-50-noctuidae-xxi-noctuinae-apameini-iii
apamea-inordinata,plate-48-noctuidae-xix-noctuinae-apameini-i
apamea-lignicolora,plate-49-noctuidae-xx-noctuinae-apameini-ii
apamea-longula,plate-50-noctuidae-xxi-noctuinae-apameini-iii
apamea-lutosa,plate-51-noctuidae-xxii-noctuinae-apameini-iv
apamea-maxima,plate-50-noctuidae-xxi-noctuinae-apameini-iii
apamea-niveivenosa,plate-51-noctuidae-xxii-noctuinae-apameini-iv
apamea-occidens,plate-50-noctuidae-xxi-noctuinae-apameini-iii
apamea-plutonia,plate-48-noctuidae-xix-noctuinae-apameini-i
apamea-scoparia,plate-50-noctuidae-xxi-noctuinae-apameini-iii
apamea-siskiyou,plate-49-noctuidae-xx-noctuinae-apameini-ii
apamea-sora,plate-49-noctuidae-xx-noctuinae-apameini-ii
apamea-sordens,plate-48-noctuidae-xix-noctuinae-apameini-i
apamea-spaldingi,plate-48-noctuidae-xix-noctuinae-apameini-i
apamea-tahoeensis,plate-49-noctuidae-xx-noctuinae-apameini-ii
apamea-unanimis,plate-48-noctuidae-xix-noctuinae-apameini-i
apamea-unita,plate-48-noctuidae-xix-noctuinae-apameini-i
apamea-vultuosa,plate-48-noctuidae-xix-noctuinae-apameini-i
apamea-zeta,plate-51-noctuidae-xxii-noctuinae-apameini-iv
apantesis-arizoniensis,plate-16-erebidae-iii-arctiinae-ii
apantesis-behrii,plate-15-erebidae-ii-arctiinae-i
apantesis-blakei,plate-16-erebidae-iii-arctiinae-ii
apantesis-complicata,plate-16-erebidae-iii-arctiinae-ii
apantesis-doris,plate-15-erebidae-ii-arctiinae-i
apantesis-edwardsii,plate-16-erebidae-iii-arctiinae-ii
apantesis-elongata,plate-16-erebidae-iii-arctiinae-ii
apantesis-eureka,plate-16-erebidae-iii-arctiinae-ii
apantesis-margo,plate-15-erebidae-ii-arctiinae-i
apantesis-nevadensis,plate-15-erebidae-ii-arctiinae-i
apantesis-obliterata,plate-15-erebidae-ii-arctiinae-i
apantesis-ornata,plate-16-erebidae-iii-arctiinae-ii
apantesis-parthenice,plate-15-erebidae-ii-arctiinae-i
apantesis-quenseli,plate-15-erebidae-ii-arctiinae-i
apantesis-speciosa,plate-15-erebidae-ii-arctiinae-i
apantesis-virgo,plate-15-erebidae-ii-arctiinae-i
apantesis-virguncula,plate-15-erebidae-ii-arctiinae-i
apantesis-williamsii,plate-16-erebidae-iii-arctiinae-ii
apantesis-yukona,plate-15-erebidae-ii-arctiinae-i
aplectoides-condita,plate-91-noctuidae-lxii-noctuinae-noctuini-xvi
arachnis-citra,plate-18-erebidae-v-arctiinae-iv
arctia-alpina,plate-16-erebidae-iii-arctiinae-ii
arctia-brachyptera,plate-17-erebidae-iv-arctiinae-iii
arctia-caja,plate-17-erebidae-iv-arctiinae-iii
arctia-opulenta,plate-17-erebidae-iv-arctiinae-iii
arctia-parthenos,plate-16-erebidae-iii-arctiinae-ii
arctia-plantaginis,plate-16-erebidae-iii-arctiinae-ii
arctia-virginalis,plate-16-erebidae-iii-arctiinae-ii
arctia-yarrowii,plate-16-erebidae-iii-arctiinae-ii
ascalapha-odorata,plate-23-erebidae-x-erebinae-i
aseptis-binotata,plate-58-noctuidae-xxix-noctuinae-xylenini-iv
aseptis-characta,plate-58-noctuidae-xxix-noctuinae-xylenini-iv
aseptis-ethnica,plate-58-noctuidae-xxix-noctuinae-xylenini-iv
aseptis-fanatica,plate-58-noctuidae-xxix-noctuinae-xylenini-iv
aseptis-fumosa,plate-58-noctuidae-xxix-noctuinae-xylenini-iv
autographa-ampla,plate-31-noctuidae-ii-plusiinae-ii
autographa-bimaculata,plate-31-noctuidae-ii-plusiinae-ii
autographa-buraetica,plate-31-noctuidae-ii-plusiinae-ii
autographa-californica,plate-31-noctuidae-ii-plusiinae-ii
autographa-corusca,plate-31-noctuidae-ii-plusiinae-ii
autographa-flagellum,plate-31-noctuidae-ii-plusiinae-ii
autographa-mappa,plate-31-noctuidae-ii-plusiinae-ii
autographa-metallica,plate-31-noctuidae-ii-plusiinae-ii
autographa-pasiphaeia,plate-31-noctuidae-ii-plusiinae-ii
autographa-pseudogamma,plate-31-noctuidae-ii-plusiinae-ii
autographa-rubidus,plate-31-noctuidae-ii-plusiinae-ii
autographa-sansoni,plate-31-noctuidae-ii-plusiinae-ii
autographa-speciosa,plate-31-noctuidae-ii-plusiinae-ii
autographa-v-alba,plate-31-noctuidae-ii-plusiinae-ii
axenus-arvalis,plate-39-noctuidae-x-amphipyrinae-i
behrensia-conchiformis,plate-40-noctuidae-xi-amphipyrinae-ii-and-oncocnemidinae-i
bellura-obliqua,plate-54-noctuidae-xxv-noctuinae-apameini-vii-and-arzamini
benjaminiola-colorada,plate-53-noctuidae-xxiv-noctuinae-apameini-vi
bleptina-caradrinalis,plate-20-erebidae-vii-herminiinae
brachylomia-algens,plate-59-noctuidae-xxx-noctuinae-xylenini-v
brachylomia-discinigra,plate-59-noctuidae-xxx-noctuinae-xylenini-v
brachylomia-discolor,plate-59-noctuidae-xxx-noctuinae-xylenini-v
brachylomia-elda,plate-59-noctuidae-xxx-noctuinae-xylenini-v
brachylomia-obscurifascia,plate-59-noctuidae-xxx-noctuinae-xylenini-v
brachylomia-populi,plate-59-noctuidae-xxx-noctuinae-xylenini-v
brachylomia-rectifascia,plate-59-noctuidae-xxx-noctuinae-xylenini-v
brachylomia-sierra,plate-59-noctuidae-xxx-noctuinae-xylenini-v
brachylomia-thula,plate-59-noctuidae-xxx-noctuinae-xylenini-v
bruceia-pulverina,plate-15-erebidae-ii-arctiinae-i
bulia-deducta,plate-27-erebidae-xiv-erebinae-v
caenurgina-annexa,plate-28-erebidae-xv-erebinae-vi
caenurgina-caerulea,plate-28-erebidae-xv-erebinae-vi
caenurgina-crassiuscula,plate-28-erebidae-xv-erebinae-vi
caenurgina-erechtea,plate-28-erebidae-xv-erebinae-vi
callizzia-amorata,plate-2-lasiocampidae
calophasia-lunula,plate-40-noctuidae-xi-amphipyrinae-ii-and-oncocnemidinae-i
calosaturnia-mendocino,plate-4-saturniidae-ii
globia-alameda,plate-53-noctuidae-xxiv-noctuinae-apameini-vi
globia-oblonga,plate-53-noctuidae-xxiv-noctuinae-apameini-vi
globia-subflava,plate-53-noctuidae-xxiv-noctuinae-apameini-vi
caradrina-atrostriga,plate-47-noctuidae-xviii-noctuinae-caradrinini-and-actinotiini
caradrina-camina,plate-47-noctuidae-xviii-noctuinae-caradrinini-and-actinotiini
caradrina-meralis,plate-47-noctuidae-xviii-noctuinae-caradrinini-and-actinotiini
caradrina-montana,plate-47-noctuidae-xviii-noctuinae-caradrinini-and-actinotiini
caradrina-morpheus,plate-47-noctuidae-xviii-noctuinae-caradrinini-and-actinotiini
catabena-lineolata,plate-40-noctuidae-xi-amphipyrinae-ii-and-oncocnemidinae-i
catocala-aholibah,plate-24-erebidae-xi-erebinae-ii
catocala-allusa,plate-25-erebidae-xii-erebinae-iii
catocala-amatrix,plate-26-erebidae-xiii-erebinae-iv
catocala-briseis,plate-25-erebidae-xii-erebinae-iii
catocala-californica,plate-25-erebidae-xii-erebinae-iii
catocala-chelidonia,plate-26-erebidae-xiii-erebinae-iv
catocala-faustina,plate-25-erebidae-xii-erebinae-iii
catocala-grotiana,plate-25-erebidae-xii-erebinae-iii
catocala-hermia,plate-25-erebidae-xii-erebinae-iii
catocala-ilia,plate-24-erebidae-xi-erebinae-ii
catocala-irene,plate-24-erebidae-xi-erebinae-ii
catocala-junctura,plate-26-erebidae-xiii-erebinae-iv
catocala-meskei,plate-26-erebidae-xiii-erebinae-iv
catocala-neogama,plate-23-erebidae-x-erebinae-i
catocala-ophelia,plate-26-erebidae-xiii-erebinae-iv
catocala-piatrix,plate-23-erebidae-x-erebinae-i
catocala-relicta,plate-24-erebidae-xi-erebinae-ii
catocala-semirelicta,plate-26-erebidae-xiii-erebinae-iv
catocala-ultronia,plate-26-erebidae-xiii-erebinae-iv
catocala-unijuga,plate-24-erebidae-xi-erebinae-ii
catocala-verrilliana,plate-26-erebidae-xiii-erebinae-iv
cecrita-lunata,plate-13-notodontidae-ii
ceranemota-crumbi,plate-1-drepanidae
ceranemota-fasciata,plate-1-drepanidae
ceranemota-improvisa,plate-1-drepanidae
ceranemota-tearlei,plate-1-drepanidae
cerastis-enigmatica,plate-90-noctuidae-lxi-noctuinae-noctuini-xv
cerastis-gloriosa,plate-90-noctuidae-lxi-noctuinae-noctuini-xv
cerastis-salicarum,plate-90-noctuidae-lxi-noctuinae-noctuini-xv
ceratomia-amyntor,plate-7-sphingidae-i
ceratomia-undulosa,plate-7-sphingidae-i
chelis-beanii,plate-15-erebidae-ii-arctiinae-i
chelis-brucei,plate-15-erebidae-ii-arctiinae-i
chelis-sordida,plate-15-erebidae-ii-arctiinae-i
chersotis-juncta,plate-90-noctuidae-lxi-noctuinae-noctuini-xv
chloridea-virescens,plate-44-noctuidae-xv-heliothinae-i
chrysodeixis-chalcites,plate-30-euteliidae-etc
chrysodeixis-includens,plate-30-euteliidae-etc
chytolita-morbidalis,plate-20-erebidae-vii-herminiinae
chytonix-palliatricula,plate-46-noctuidae-xvii-bryophilini-etc
cisseps-fulvicollis,plate-19-erebidae-vi-arctiinae-v
cissusa-indiscreta,plate-27-erebidae-xiv-erebinae-v
cisthene-barnesii,plate-15-erebidae-ii-arctiinae-i
clemensia-umbrata,plate-15-erebidae-ii-arctiinae-i
clostera-albosigma,plate-12-notodontidae-i
clostera-multnoma,plate-12-notodontidae-i
clostera-paraphora,plate-12-notodontidae-i
clostera-strigosa,plate-12-notodontidae-i
coelodasys-conspecta,plate-13-notodontidae-ii
coelodasys-unicornis,plate-13-notodontidae-ii
coenophila-opacifrons,plate-93-noctuidae-lxiv-noctuinae-noctuini-xviii
colocasia-propinquilinea,plate-34-noctuidae-v-pantheinae-and-raphiinae
coloradia-doris,plate-3-saturniidae-i
coloradia-pandora,plate-3-saturniidae-i
condica-albolabes,plate-44-noctuidae-xv-heliothinae-i
condica-discistriga,plate-44-noctuidae-xv-heliothinae-i
condica-mersa,plate-44-noctuidae-xv-heliothinae-i
copablepharon-absidum,plate-77-noctuidae-xlviii-noctuinae-noctuini-ii
copablepharon-atrinotum,plate-77-noctuidae-xlviii-noctuinae-noctuini-ii
copablepharon-canariana,plate-77-noctuidae-xlviii-noctuinae-noctuini-ii
copablepharon-columbia,plate-77-noctuidae-xlviii-noctuinae-noctuini-ii
copablepharon-fuscum,plate-77-noctuidae-xlviii-noctuinae-noctuini-ii
copablepharon-grandis,plate-77-noctuidae-xlviii-noctuinae-noctuini-ii
copablepharon-mutans,plate-77-noctuidae-xlviii-noctuinae-noctuini-ii
copablepharon-spiritum,plate-77-noctuidae-xlviii-noctuinae-noctuini-ii
copablepharon-viridisparsa,plate-77-noctuidae-xlviii-noctuinae-noctuini-ii
copanarta-sexpunctata,plate-40-noctuidae-xi-amphipyrinae-ii-and-oncocnemidinae-i
coranarta-luteola,plate-67-noctuidae-xxxviii-noctuinae-hadenini-ii
coranarta-macrostigma,plate-67-noctuidae-xxxviii-noctuinae-hadenini-ii
cosmia-calami,plate-59-noctuidae-xxx-noctuinae-xylenini-v
cosmia-elisae,plate-59-noctuidae-xxx-noctuinae-xylenini-v
cosmia-praeacuta,plate-59-noctuidae-xxx-noctuinae-xylenini-v
crambidia-casta,plate-15-erebidae-ii-arctiinae-i
crambidia-cephalica,plate-15-erebidae-ii-arctiinae-i
cryphia-cuerva,plate-46-noctuidae-xvii-bryophilini-etc
cryphia-olivacea,plate-46-noctuidae-xvii-bryophilini-etc
cryptocala-acadiensis,plate-91-noctuidae-lxii-noctuinae-noctuini-xvi
ctenucha-rubroscapus,plate-19-erebidae-vi-arctiinae-v
ctenucha-virginica,plate-19-erebidae-vi-arctiinae-v
cucullia-antipoda,plate-38-noctuidae-ix-cuculiinae-ii
cucullia-basipuncta,plate-38-noctuidae-ix-cuculiinae-ii
cucullia-dorsalis,plate-37-noctuidae-viii-metoponiinae-and-cuculiinae-i
cucullia-eulepis,plate-38-noctuidae-ix-cuculiinae-ii
cucullia-eurekae,plate-38-noctuidae-ix-cuculiinae-ii
cucullia-florea,plate-37-noctuidae-viii-metoponiinae-and-cuculiinae-i
cucullia-intermedia,plate-37-noctuidae-viii-metoponiinae-and-cuculiinae-i
cucullia-luna,plate-38-noctuidae-ix-cuculiinae-ii
cucullia-mcdunnoughi,plate-38-noctuidae-ix-cuculiinae-ii
cucullia-montanae,plate-37-noctuidae-viii-metoponiinae-and-cuculiinae-i
cucullia-omissa,plate-37-noctuidae-viii-metoponiinae-and-cuculiinae-i
cucullia-postera,plate-37-noctuidae-viii-metoponiinae-and-cuculiinae-i
cucullia-pulla,plate-38-noctuidae-ix-cuculiinae-ii
cucullia-serraticornis,plate-38-noctuidae-ix-cuculiinae-ii
cucullia-similaris,plate-37-noctuidae-viii-metoponiinae-and-cuculiinae-i
cucullia-speyeri,plate-37-noctuidae-viii-metoponiinae-and-cuculiinae-i
cucullia-strigata,plate-38-noctuidae-ix-cuculiinae-ii
cycnia-oregonensis,plate-19-erebidae-vi-arctiinae-v
cycnia-tenera,plate-19-erebidae-vi-arctiinae-v
darapsa-choerilus,plate-11-sphingidae-v
dargida-diffusa,plate-69-noctuidae-xl-noctuinae-hadenini-iv
dargida-procinctus,plate-69-noctuidae-xl-noctuinae-hadenini-iv
dasychira-grisefacta,plate-14-erebidae-i-lymantriinae
dasychira-plagiata,plate-14-erebidae-i-lymantriinae
dasychira-vagans,plate-14-erebidae-i-lymantriinae
datana-californica,plate-13-notodontidae-ii
deilephila-elpenor,plate-11-sphingidae-v
deltote-bellicula,plate-33-noctuidae-iv-eustrotiinae-and-acontiinae
diachrysia-aereoides,plate-30-euteliidae-etc
diarsia-calgary,plate-90-noctuidae-lxi-noctuinae-noctuini-xv
diarsia-dislocata,plate-90-noctuidae-lxi-noctuinae-noctuini-xv
diarsia-esurialis,plate-90-noctuidae-lxi-noctuinae-noctuini-xv
diarsia-rosaria,plate-90-noctuidae-lxi-noctuinae-noctuini-xv
diarsia-rubifera,plate-90-noctuidae-lxi-noctuinae-noctuini-xv
dichagyris-grotei,plate-76-noctuidae-xlvii-noctuinae-noctuini-i
dichagyris-variabilis,plate-76-noctuidae-xlvii-noctuinae-noctuini-i
dodia-albertae,plate-18-erebidae-v-arctiinae-iv
dodia-tarandus,plate-18-erebidae-v-arctiinae-iv
dolocucullia-dentilinea,plate-38-noctuidae-ix-cuculiinae-ii
dolocucullia-poolei,plate-38-noctuidae-ix-cuculiinae-ii
drasteria-adumbrata,plate-28-erebidae-xv-erebinae-vi
drasteria-divergens,plate-27-erebidae-xiv-erebinae-v
drasteria-edwardsii,plate-27-erebidae-xiv-erebinae-v
drasteria-hastingsii,plate-27-erebidae-xiv-erebinae-v
drasteria-howlandii,plate-28-erebidae-xv-erebinae-vi
drasteria-hudsonica,plate-28-erebidae-xv-erebinae-vi
drasteria-inepta,plate-27-erebidae-xiv-erebinae-v
drasteria-maculosa,plate-28-erebidae-xv-erebinae-vi
drasteria-mirifica,plate-27-erebidae-xiv-erebinae-v
drasteria-ochracea,plate-27-erebidae-xiv-erebinae-v
drasteria-pallescens,plate-27-erebidae-xiv-erebinae-v
drasteria-parallela,plate-27-erebidae-xiv-erebinae-v
drasteria-perplexa,plate-28-erebidae-xv-erebinae-vi
drasteria-petricola,plate-28-erebidae-xv-erebinae-vi
drasteria-sabulosa,plate-27-erebidae-xiv-erebinae-v
drasteria-scrupulosa,plate-27-erebidae-xiv-erebinae-v
drasteria-stretchii,plate-28-erebidae-xv-erebinae-vi
drepana-arcuata,plate-1-drepanidae
drepana-bilineata,plate-1-drepanidae
dryotype-opina,plate-62-noctuidae-xxxiii-noctuinae-xylenini-viiii
ectypia-clio,plate-19-erebidae-vi-arctiinae-v
egira-cognata,plate-65-noctuidae-xxxvi-noctuinae-orthosiini-iii-and-tholerini
egira-crucialis,plate-65-noctuidae-xxxvi-noctuinae-orthosiini-iii-and-tholerini
egira-curialis,plate-65-noctuidae-xxxvi-noctuinae-orthosiini-iii-and-tholerini
egira-dolosa,plate-65-noctuidae-xxxvi-noctuinae-orthosiini-iii-and-tholerini
egira-februalis,plate-65-noctuidae-xxxvi-noctuinae-orthosiini-iii-and-tholerini
egira-hiemalis,plate-65-noctuidae-xxxvi-noctuinae-orthosiini-iii-and-tholerini
egira-perlubens,plate-65-noctuidae-xxxvi-noctuinae-orthosiini-iii-and-tholerini
egira-rubrica,plate-65-noctuidae-xxxvi-noctuinae-orthosiini-iii-and-tholerini
egira-simplex,plate-65-noctuidae-xxxvi-noctuinae-orthosiini-iii-and-tholerini
egira-vanduzeei,plate-65-noctuidae-xxxvi-noctuinae-orthosiini-iii-and-tholerini
egira-variabilis,plate-65-noctuidae-xxxvi-noctuinae-orthosiini-iii-and-tholerini
elaphria-alapallida,plate-46-noctuidae-xvii-bryophilini-etc
enargia-decolor,plate-60-noctuidae-xxxi-noctuinae-xylenini-vi
enargia-fausta,plate-60-noctuidae-xxxi-noctuinae-xylenini-vi
enargia-infumata,plate-60-noctuidae-xxxi-noctuinae-xylenini-vi
eosphoropteryx-thyatyroides,plate-31-noctuidae-ii-plusiinae-ii
epidemas-cinerea,plate-58-noctuidae-xxix-noctuinae-xylenini-iv
epidemas-obscurus,plate-58-noctuidae-xxix-noctuinae-xylenini-iv
eremobina-claudens,plate-52-noctuidae-xxiii-noctuinae-apameini-v
eremobina-unicincta,plate-52-noctuidae-xxiii-noctuinae-apameini-v
erinnyis-ello,plate-11-sphingidae-v
escaria-clauda,plate-66-noctuidae-xxxvii-noctuinae-hadenini-i
escaria-homogena,plate-66-noctuidae-xxxvii-noctuinae-hadenini-i
estigmene-acrea,plate-17-erebidae-iv-arctiinae-iii
eublemma-minima,plate-22-erebidae-ix-rivulinae-etc
euchalcia-albavitta,plate-30-euteliidae-etc
euchalcia-borealis,plate-30-euteliidae-etc
eucirroedia-pampina,plate-56-noctuidae-xxvii-noctuinae-xylenini-ii
euclidia-ardita,plate-29-erebidae-xvi-erebinae-vii
euclidia-cuspidea,plate-29-erebidae-xvi-erebinae-vii
eucoptocnemis-canescens,plate-76-noctuidae-xlvii-noctuinae-noctuini-i
eudeilinia-herminiata,plate-1-drepanidae
eudryas-brevipennis,plate-44-noctuidae-xv-heliothinae-i
eueretagrotis-perattentus,plate-91-noctuidae-lxii-noctuinae-noctuini-xvi
eumorpha-achemon,plate-11-sphingidae-v
euplexia-benesimilis,plate-48-noctuidae-xix-noctuinae-apameini-i
euproctis-similis,plate-14-erebidae-i-lymantriinae
euproserpinus-wiesti,plate-11-sphingidae-v
eupsilia-devia,plate-56-noctuidae-xxvii-noctuinae-xylenini-ii
eupsilia-fringata,plate-56-noctuidae-xxvii-noctuinae-xylenini-ii
eupsilia-tristigmata,plate-56-noctuidae-xxvii-noctuinae-xylenini-ii
eurois-astricta,plate-91-noctuidae-lxii-noctuinae-noctuini-xvi
eurois-nigra,plate-91-noctuidae-lxii-noctuinae-noctuini-xvi
eurois-occulta,plate-91-noctuidae-lxii-noctuinae-noctuini-xvi
euros-cervina,plate-52-noctuidae-xxiii-noctuinae-apameini-v
euros-osticollis,plate-52-noctuidae-xxiii-noctuinae-apameini-v
euthyatira-lorata,plate-1-drepanidae
euthyatira-pudens,plate-1-drepanidae
euthyatira-semicircularis,plate-1-drepanidae
eutricopis-nexilis,plate-44-noctuidae-xv-heliothinae-i
euxoa-aberrans,plate-87-noctuidae-lviii-noctuinae-noctuini-xii
euxoa-absona,plate-81-noctuidae-lii-noctuinae-noctuini-vi
euxoa-adumbrata,plate-78-noctuidae-xlix-noctuinae-noctuini-iii
euxoa-aequalis,plate-87-noctuidae-lviii-noctuinae-noctuini-xii
euxoa-agema,plate-85-noctuidae-lvi-noctuinae-noctuini-x
euxoa-albipennis,plate-83-noctuidae-liv-noctuinae-noctuini-viii
euxoa-altens,plate-80-noctuidae-li-noctuinae-noctuini-v
euxoa-annulipes,plate-81-noctuidae-lii-noctuinae-noctuini-vi
euxoa-apopsis,plate-80-noctuidae-li-noctuinae-noctuini-v
euxoa-atomaris,plate-81-noctuidae-lii-noctuinae-noctuini-vi
euxoa-atristrigata,plate-87-noctuidae-lviii-noctuinae-noctuini-xii
euxoa-auripennis,plate-85-noctuidae-lvi-noctuinae-noctuini-x
euxoa-aurulenta,plate-80-noctuidae-li-noctuinae-noctuini-v
euxoa-auxiliaris,plate-78-noctuidae-xlix-noctuinae-noctuini-iii
euxoa-basalis,plate-85-noctuidae-lvi-noctuinae-noctuini-x
euxoa-bicollaris,plate-84-noctuidae-lv-noctuinae-noctuini-ix
euxoa-bifasciata,plate-81-noctuidae-lii-noctuinae-noctuini-vi
euxoa-biformata,plate-79-noctuidae-l-noctuinae-noctuini-iv
euxoa-bochus,plate-78-noctuidae-xlix-noctuinae-noctuini-iii
euxoa-brevipennis,plate-85-noctuidae-lvi-noctuinae-noctuini-x
euxoa-brunneigera,plate-84-noctuidae-lv-noctuinae-noctuini-ix
euxoa-campestris,plate-82-noctuidae-liii-noctuinae-noctuini-vii
euxoa-cana,plate-82-noctuidae-liii-noctuinae-noctuini-vii
euxoa-castanea,plate-85-noctuidae-lvi-noctuinae-noctuini-x
euxoa-catenula,plate-83-noctuidae-liv-noctuinae-noctuini-viii
euxoa-choris,plate-84-noctuidae-lv-noctuinae-noctuini-ix
euxoa-cicatricosa,plate-86-noctuidae-lvii-noctuinae-noctuini-xi
euxoa-cinereopallidus,plate-87-noctuidae-lviii-noctuinae-noctuini-xii
euxoa-citricolor,plate-85-noctuidae-lvi-noctuinae-noctuini-x
euxoa-comosa,plate-83-noctuidae-liv-noctuinae-noctuini-viii
euxoa-cona,plate-87-noctuidae-lviii-noctuinae-noctuini-xii
euxoa-costata,plate-85-noctuidae-lvi-noctuinae-noctuini-x
euxoa-cryptica,plate-80-noctuidae-li-noctuinae-noctuini-v
euxoa-dargo,plate-86-noctuidae-lvii-noctuinae-noctuini-xi
euxoa-declarata,plate-82-noctuidae-liii-noctuinae-noctuini-vii
euxoa-difformis,plate-86-noctuidae-lvii-noctuinae-noctuini-xi
euxoa-divergens,plate-79-noctuidae-l-noctuinae-noctuini-iv
euxoa-dodi,plate-86-noctuidae-lvii-noctuinae-noctuini-xi
euxoa-edictalis,plate-80-noctuidae-li-noctuinae-noctuini-v
euxoa-emma,plate-81-noctuidae-lii-noctuinae-noctuini-vi
euxoa-excogita,plate-84-noctuidae-lv-noctuinae-noctuini-ix
euxoa-extranea,plate-80-noctuidae-li-noctuinae-noctuini-v
euxoa-faulkneri,plate-84-noctuidae-lv-noctuinae-noctuini-ix
euxoa-flavicollis,plate-88-noctuidae-lix-noctuinae-noctuini-xiii
euxoa-furtivus,plate-85-noctuidae-lvi-noctuinae-noctuini-x
euxoa-hardwicki,plate-81-noctuidae-lii-noctuinae-noctuini-vi
euxoa-henrietta,plate-83-noctuidae-liv-noctuinae-noctuini-viii
euxoa-hollemani,plate-83-noctuidae-liv-noctuinae-noctuini-viii
euxoa-idahoensis,plate-85-noctuidae-lvi-noctuinae-noctuini-x
euxoa-infausta,plate-84-noctuidae-lv-noctuinae-noctuini-ix
euxoa-infracta,plate-86-noctuidae-lvii-noctuinae-noctuini-xi
euxoa-intermontana,plate-79-noctuidae-l-noctuinae-noctuini-iv
euxoa-intrita,plate-81-noctuidae-lii-noctuinae-noctuini-vi
euxoa-laetificans,plate-86-noctuidae-lvii-noctuinae-noctuini-xi
euxoa-latro,plate-86-noctuidae-lvii-noctuinae-noctuini-xi
euxoa-lewisi,plate-80-noctuidae-li-noctuinae-noctuini-v
euxoa-lillooet,plate-85-noctuidae-lvi-noctuinae-noctuini-x
euxoa-lineifrons,plate-83-noctuidae-liv-noctuinae-noctuini-viii
euxoa-lucida,plate-84-noctuidae-lv-noctuinae-noctuini-ix
euxoa-macleani,plate-80-noctuidae-li-noctuinae-noctuini-v
euxoa-maimes,plate-88-noctuidae-lix-noctuinae-noctuini-xiii
euxoa-manitobana,plate-87-noctuidae-lviii-noctuinae-noctuini-xii
euxoa-medialis,plate-81-noctuidae-lii-noctuinae-noctuini-vi
euxoa-melura,plate-86-noctuidae-lvii-noctuinae-noctuini-xi
euxoa-messoria,plate-79-noctuidae-l-noctuinae-noctuini-iv
euxoa-mimallonis,plate-79-noctuidae-l-noctuinae-noctuini-iv
euxoa-misturata,plate-87-noctuidae-lviii-noctuinae-noctuini-xii
euxoa-mitis,plate-87-noctuidae-lviii-noctuinae-noctuini-xii
euxoa-moerens,plate-86-noctuidae-lvii-noctuinae-noctuini-xi
euxoa-munis,plate-87-noctuidae-lviii-noctuinae-noctuini-xii
euxoa-murdocki,plate-86-noctuidae-lvii-noctuinae-noctuini-xi
euxoa-nevada,plate-87-noctuidae-lviii-noctuinae-noctuini-xii
euxoa-nomas,plate-87-noctuidae-lviii-noctuinae-noctuini-xii
euxoa-nostra,plate-84-noctuidae-lv-noctuinae-noctuini-ix
euxoa-obeliscoides,plate-84-noctuidae-lv-noctuinae-noctuini-ix
euxoa-oblongistigma,plate-85-noctuidae-lvi-noctuinae-noctuini-x
euxoa-occidentalis,plate-84-noctuidae-lv-noctuinae-noctuini-ix
euxoa-ochrogaster,plate-84-noctuidae-lv-noctuinae-noctuini-ix
euxoa-olivalis,plate-85-noctuidae-lvi-noctuinae-noctuini-x
euxoa-olivia,plate-79-noctuidae-l-noctuinae-noctuini-iv
euxoa-pallidimacula,plate-82-noctuidae-liii-noctuinae-noctuini-vii
euxoa-pallipennis,plate-82-noctuidae-liii-noctuinae-noctuini-vii
euxoa-perexcellens,plate-81-noctuidae-lii-noctuinae-noctuini-vi
euxoa-permixta,plate-82-noctuidae-liii-noctuinae-noctuini-vii
euxoa-perolivalis,plate-87-noctuidae-lviii-noctuinae-noctuini-xii
euxoa-perpolita,plate-88-noctuidae-lix-noctuinae-noctuini-xiii
euxoa-pestula,plate-81-noctuidae-lii-noctuinae-noctuini-vi
euxoa-pimensis,plate-82-noctuidae-liii-noctuinae-noctuini-vii
euxoa-plagigera,plate-83-noctuidae-liv-noctuinae-noctuini-viii
euxoa-pleuritica,plate-81-noctuidae-lii-noctuinae-noctuini-vi
euxoa-pluralis,plate-82-noctuidae-liii-noctuinae-noctuini-vii
euxoa-punctigera,plate-82-noctuidae-liii-noctuinae-noctuini-vii
euxoa-quadridentata,plate-86-noctuidae-lvii-noctuinae-noctuini-xi
euxoa-quebecensis,plate-80-noctuidae-li-noctuinae-noctuini-v
euxoa-recula,plate-86-noctuidae-lvii-noctuinae-noctuini-xi
euxoa-ridingsiana,plate-88-noctuidae-lix-noctuinae-noctuini-xiii
euxoa-rockburnei,plate-82-noctuidae-liii-noctuinae-noctuini-vii
euxoa-rufula,plate-81-noctuidae-lii-noctuinae-noctuini-vi
euxoa-satiens,plate-84-noctuidae-lv-noctuinae-noctuini-ix
euxoa-satis,plate-84-noctuidae-lv-noctuinae-noctuini-ix
euxoa-scotogrammoides,plate-82-noctuidae-liii-noctuinae-noctuini-vii
euxoa-septentrionalis,plate-79-noctuidae-l-noctuinae-noctuini-iv
euxoa-servitus,plate-85-noctuidae-lvi-noctuinae-noctuini-x
euxoa-setonia,plate-82-noctuidae-liii-noctuinae-noctuini-vii
euxoa-shasta,plate-79-noctuidae-l-noctuinae-noctuini-iv
euxoa-silens,plate-82-noctuidae-liii-noctuinae-noctuini-vii
euxoa-simona,plate-81-noctuidae-lii-noctuinae-noctuini-vi
euxoa-simulata,plate-82-noctuidae-liii-noctuinae-noctuini-vii
euxoa-subandera,plate-83-noctuidae-liv-noctuinae-noctuini-viii
euxoa-taura,plate-88-noctuidae-lix-noctuinae-noctuini-xiii
euxoa-terrenus,plate-81-noctuidae-lii-noctuinae-noctuini-vi
euxoa-tessellata,plate-83-noctuidae-liv-noctuinae-noctuini-viii
euxoa-tocoyae,plate-82-noctuidae-liii-noctuinae-noctuini-vii
euxoa-trifasciata,plate-80-noctuidae-li-noctuinae-noctuini-v
euxoa-tristicula,plate-81-noctuidae-lii-noctuinae-noctuini-vi
euxoa-tronellus,plate-85-noctuidae-lvi-noctuinae-noctuini-x
euxoa-ustulata,plate-81-noctuidae-lii-noctuinae-noctuini-vi
euxoa-vallus,plate-80-noctuidae-li-noctuinae-noctuini-v
euxoa-vetusta,plate-81-noctuidae-lii-noctuinae-noctuini-vi
euxoa-westermanni,plate-80-noctuidae-li-noctuinae-noctuini-v
euxoa-wilsoni,plate-88-noctuidae-lix-noctuinae-noctuini-xiii
euxoa-xasta,plate-83-noctuidae-liv-noctuinae-noctuini-viii
feltia-herilis,plate-88-noctuidae-lix-noctuinae-noctuini-xiii
feltia-jaculifera,plate-88-noctuidae-lix-noctuinae-noctuini-xiii
feltia-mollis,plate-88-noctuidae-lix-noctuinae-noctuini-xiii
feltia-nigrita,plate-88-noctuidae-lix-noctuinae-noctuini-xiii
feltia-subgothica,plate-88-noctuidae-lix-noctuinae-noctuini-xiii
feralia-comstocki,plate-39-noctuidae-x-amphipyrinae-i
feralia-deceptiva,plate-39-noctuidae-x-amphipyrinae-i
feralia-februalis,plate-39-noctuidae-x-amphipyrinae-i
feralia-jocosa,plate-39-noctuidae-x-amphipyrinae-i
fishia-connecta,plate-61-noctuidae-xxxii-noctuinae-xylenini-vii
fishia-discors,plate-61-noctuidae-xxxii-noctuinae-xylenini-vii
fishia-illocata,plate-61-noctuidae-xxxii-noctuinae-xylenini-vii
fishia-nigrescens,plate-61-noctuidae-xxxii-noctuinae-xylenini-vii
fishia-yosemitae,plate-61-noctuidae-xxxii-noctuinae-xylenini-vii
furcula-cinereoides,plate-13-notodontidae-ii
furcula-gigans,plate-13-notodontidae-ii
furcula-modesta,plate-13-notodontidae-ii
furcula-scolopendrina,plate-13-notodontidae-ii
galgula-partita,plate-46-noctuidae-xvii-bryophilini-etc
gluphisia-avimacula,plate-12-notodontidae-i
gluphisia-septentrionis,plate-12-notodontidae-i
gluphisia-severa,plate-12-notodontidae-i
gnophaela-latipennis,plate-18-erebidae-v-arctiinae-iv
gnophaela-vermiculata,plate-18-erebidae-v-arctiinae-iv
graphiphora-augur,plate-91-noctuidae-lxii-noctuinae-noctuini-xvi
gynaephora-rossii,plate-14-erebidae-i-lymantriinae
habrosyne-scripta,plate-1-drepanidae
hada-sutrina,plate-68-noctuidae-xxxix-noctuinae-hadenini-iii
hadena-caelestis,plate-69-noctuidae-xl-noctuinae-hadenini-iv
hadena-capsularis,plate-69-noctuidae-xl-noctuinae-hadenini-iv
hadena-ectrapela,plate-69-noctuidae-xl-noctuinae-hadenini-iv
hadena-siskiyou,plate-69-noctuidae-xl-noctuinae-hadenini-iv
hadena-variolata,plate-69-noctuidae-xl-noctuinae-hadenini-iv
hadenella-pergentilis,plate-66-noctuidae-xxxvii-noctuinae-hadenini-i
hecatera-dysodea,plate-69-noctuidae-xl-noctuinae-hadenini-iv
helicoverpa-zea,plate-44-noctuidae-xv-heliothinae-i
heliocheilus-paradoxus,plate-44-noctuidae-xv-heliothinae-i
heliolonche-modicella,plate-45-noctuidae-xvi-heliothinae-ii
heliolonche-pictipennis,plate-45-noctuidae-xvi-heliothinae-ii
heliothis-acesias,plate-44-noctuidae-xv-heliothinae-i
heliothis-belladonna,plate-44-noctuidae-xv-heliothinae-i
heliothis-borealis,plate-44-noctuidae-xv-heliothinae-i
heliothis-ononis,plate-44-noctuidae-xv-heliothinae-i
heliothis-oregonica,plate-44-noctuidae-xv-heliothinae-i
heliothis-phloxiphaga,plate-44-noctuidae-xv-heliothinae-i
heliothis-proruptus,plate-44-noctuidae-xv-heliothinae-i
heliothodes-diminutivus,plate-44-noctuidae-xv-heliothinae-i
helotropha-reniformis,plate-53-noctuidae-xxiv-noctuinae-apameini-vi
hemaris-diffinis,plate-11-sphingidae-v
hemaris-thetis,plate-11-sphingidae-v
hemaris-thysbe,plate-11-sphingidae-v
hemeroplanis-historialis,plate-22-erebidae-ix-rivulinae-etc
hemieuxoa-rudens,plate-76-noctuidae-xlvii-noctuinae-noctuini-i
hemileuca-eglanterina,plate-3-saturniidae-i
hemileuca-hera,plate-3-saturniidae-i
hemileuca-juno,plate-3-saturniidae-i
hemileuca-nevadensis,plate-3-saturniidae-i
hemileuca-nuttalli,plate-3-saturniidae-i
hillia-iris,plate-57-noctuidae-xxviii-noctuinae-xylenini-iii
hillia-maida,plate-57-noctuidae-xxviii-noctuinae-xylenini-iii
homoglaea-californica,plate-55-noctuidae-xxvi-noctuinae-xylenini-i
homoglaea-carbonaria,plate-55-noctuidae-xxvi-noctuinae-xylenini-i
homoglaea-dives,plate-55-noctuidae-xxvi-noctuinae-xylenini-i
homoglaea-hircina,plate-55-noctuidae-xxvi-noctuinae-xylenini-i
homorthodes-carneola,plate-74-noctuidae-xlv-noctuinae-eriopygini-iv
homorthodes-communis,plate-74-noctuidae-xlv-noctuinae-eriopygini-iv
homorthodes-discreta,plate-74-noctuidae-xlv-noctuinae-eriopygini-iv
homorthodes-fractura,plate-74-noctuidae-xlv-noctuinae-eriopygini-iv
homorthodes-furfurata,plate-74-noctuidae-xlv-noctuinae-eriopygini-iv
homorthodes-hanhami,plate-74-noctuidae-xlv-noctuinae-eriopygini-iv
hyalophora-euryalus,plate-6-saturniidae-iv
hyalophora-gloveri,plate-5-saturniidae-iii
hydraecia-medialis,plate-54-noctuidae-xxv-noctuinae-apameini-vii-and-arzamini
hydraecia-obliqua,plate-54-noctuidae-xxv-noctuinae-apameini-vii-and-arzamini
hydraecia-perobliqua,plate-54-noctuidae-xxv-noctuinae-apameini-vii-and-arzamini
hydroeciodes-serrata,plate-75-noctuidae-xlvi-noctuinae-eriopygini-v
hyles-euphorbiae,plate-11-sphingidae-v
hyles-gallii,plate-11-sphingidae-v
hyles-lineata,plate-11-sphingidae-v
hypena-abalienalis,plate-21-erebidae-viii-hypeninae
hypena-atomaria,plate-21-erebidae-viii-hypeninae
hypena-bijugalis,plate-21-erebidae-viii-hypeninae
hypena-californica,plate-21-erebidae-viii-hypeninae
hypena-decorata,plate-21-erebidae-viii-hypeninae
hypena-edictalis,plate-21-erebidae-viii-hypeninae
hypena-humuli,plate-21-erebidae-viii-hypeninae
hypena-modestoides,plate-21-erebidae-viii-hypeninae
hypena-palparia,plate-21-erebidae-viii-hypeninae
hypenodes-fractilinea,plate-22-erebidae-ix-rivulinae-etc
hypenodes-sombrus,plate-22-erebidae-ix-rivulinae-etc
hypercompe-permaculata,plate-17-erebidae-iv-arctiinae-iii
hyphantria-cunea,plate-17-erebidae-iv-arctiinae-iii
hypocoena-basistriga,plate-53-noctuidae-xxiv-noctuinae-apameini-vi
hypocoena-inquinata,plate-53-noctuidae-xxiv-noctuinae-apameini-vi
hypocoena-rufostrigata,plate-53-noctuidae-xxiv-noctuinae-apameini-vi
hypoprepia-inculta,plate-15-erebidae-ii-arctiinae-i
hypoprepia-miniata,plate-15-erebidae-ii-arctiinae-i
hyppa-brunneicrista,plate-59-noctuidae-xxx-noctuinae-xylenini-v
hyppa-contrasta,plate-59-noctuidae-xxx-noctuinae-xylenini-v
hyppa-indistincta,plate-59-noctuidae-xxx-noctuinae-xylenini-v
ianassa-pallida,plate-13-notodontidae-ii
idia-aemula,plate-20-erebidae-vii-herminiinae
idia-americalis,plate-20-erebidae-vii-herminiinae
idia-concisa,plate-20-erebidae-vii-herminiinae
idia-immaculalis,plate-20-erebidae-vii-herminiinae
idia-lubricalis,plate-20-erebidae-vii-herminiinae
idia-occidentalis,plate-20-erebidae-vii-herminiinae
idia-suffusalis,plate-20-erebidae-vii-herminiinae
ipimorpha-nanaimo,plate-60-noctuidae-xxxi-noctuinae-xylenini-vi
ipimorpha-pleonectusa,plate-60-noctuidae-xxxi-noctuinae-xylenini-vi
ipimorpha-viridipallida,plate-60-noctuidae-xxxi-noctuinae-xylenini-vi
lacanobia-atlantica,plate-68-noctuidae-xxxix-noctuinae-hadenini-iii
lacanobia-grandis,plate-68-noctuidae-xxxix-noctuinae-hadenini-iii
lacanobia-nevadae,plate-68-noctuidae-xxxix-noctuinae-hadenini-iii
lacanobia-radix,plate-68-noctuidae-xxxix-noctuinae-hadenini-iii
lacanobia-subjuncta,plate-68-noctuidae-xxxix-noctuinae-hadenini-iii
lacinipolia-acutipennis,plate-72-noctuidae-xliii-noctuinae-eriopygini-ii
lacinipolia-anguina,plate-72-noctuidae-xliii-noctuinae-eriopygini-ii
lacinipolia-bucketti,plate-73-noctuidae-xliv-noctuinae-eriopygini-iii
lacinipolia-comis,plate-73-noctuidae-xliv-noctuinae-eriopygini-iii
lacinipolia-cuneata,plate-72-noctuidae-xliii-noctuinae-eriopygini-ii
lacinipolia-davena,plate-73-noctuidae-xliv-noctuinae-eriopygini-iii
lacinipolia-dimocki,plate-72-noctuidae-xliii-noctuinae-eriopygini-ii
lacinipolia-longiclava,plate-72-noctuidae-xliii-noctuinae-eriopygini-ii
lacinipolia-lorea,plate-73-noctuidae-xliv-noctuinae-eriopygini-iii
lacinipolia-lustralis,plate-72-noctuidae-xliii-noctuinae-eriopygini-ii
lacinipolia-meditata,plate-72-noctuidae-xliii-noctuinae-eriopygini-ii
lacinipolia-olivacea,plate-73-noctuidae-xliv-noctuinae-eriopygini-iii
lacinipolia-patalis,plate-73-noctuidae-xliv-noctuinae-eriopygini-iii
lacinipolia-pensilis,plate-72-noctuidae-xliii-noctuinae-eriopygini-ii
lacinipolia-quadrilineata,plate-73-noctuidae-xliv-noctuinae-eriopygini-iii
lacinipolia-rectilinea,plate-73-noctuidae-xliv-noctuinae-eriopygini-iii
lacinipolia-renigera,plate-73-noctuidae-xliv-noctuinae-eriopygini-iii
lacinipolia-sareta,plate-72-noctuidae-xliii-noctuinae-eriopygini-ii
lacinipolia-stenotis,plate-72-noctuidae-xliii-noctuinae-eriopygini-ii
lacinipolia-stricta,plate-73-noctuidae-xliv-noctuinae-eriopygini-iii
lacinipolia-strigicollis,plate-73-noctuidae-xliv-noctuinae-eriopygini-iii
lasionycta-brunnea,plate-72-noctuidae-xliii-noctuinae-eriopygini-ii
lasionycta-caesia,plate-72-noctuidae-xliii-noctuinae-eriopygini-ii
lasionycta-carolynae,plate-71-noctuidae-xlii-noctuinae-eriopygini-i
lasionycta-fergusoni,plate-71-noctuidae-xlii-noctuinae-eriopygini-i
lasionycta-frigida,plate-71-noctuidae-xlii-noctuinae-eriopygini-i
lasionycta-gelida,plate-72-noctuidae-xliii-noctuinae-eriopygini-ii
lasionycta-haida,plate-71-noctuidae-xlii-noctuinae-eriopygini-i
lasionycta-illima,plate-71-noctuidae-xlii-noctuinae-eriopygini-i
lasionycta-impingens,plate-72-noctuidae-xliii-noctuinae-eriopygini-ii
lasionycta-lagganata,plate-71-noctuidae-xlii-noctuinae-eriopygini-i
lasionycta-leucocycla,plate-71-noctuidae-xlii-noctuinae-eriopygini-i
lasionycta-luteola,plate-71-noctuidae-xlii-noctuinae-eriopygini-i
lasionycta-macleani,plate-72-noctuidae-xliii-noctuinae-eriopygini-ii
lasionycta-mutilata,plate-71-noctuidae-xlii-noctuinae-eriopygini-i
lasionycta-perplexa,plate-71-noctuidae-xlii-noctuinae-eriopygini-i
lasionycta-perplexella,plate-71-noctuidae-xlii-noctuinae-eriopygini-i
lasionycta-poca,plate-71-noctuidae-xlii-noctuinae-eriopygini-i
lasionycta-promulsa,plate-72-noctuidae-xliii-noctuinae-eriopygini-ii
lasionycta-pulverea,plate-72-noctuidae-xliii-noctuinae-eriopygini-ii
lasionycta-quadrilunata,plate-71-noctuidae-xlii-noctuinae-eriopygini-i
lasionycta-sasquatch,plate-71-noctuidae-xlii-noctuinae-eriopygini-i
lasionycta-secedens,plate-71-noctuidae-xlii-noctuinae-eriopygini-i
lasionycta-silacea,plate-72-noctuidae-xliii-noctuinae-eriopygini-ii
lasionycta-staudingeri,plate-71-noctuidae-xlii-noctuinae-eriopygini-i
lasionycta-subfuscula,plate-71-noctuidae-xlii-noctuinae-eriopygini-i
lasionycta-taigata,plate-71-noctuidae-xlii-noctuinae-eriopygini-i
lasionycta-uniformis,plate-71-noctuidae-xlii-noctuinae-eriopygini-i
lateroligia-ophiogramma,plate-51-noctuidae-xxii-noctuinae-apameini-iv
leptarctia-californiae,plate-18-erebidae-v-arctiinae-iv
leucania-anteroclara,plate-70-noctuidae-xli-noctuinae-leucaniini
leucania-commoides,plate-70-noctuidae-xli-noctuinae-leucaniini
leucania-dia,plate-70-noctuidae-xli-noctuinae-leucaniini
leucania-farcta,plate-70-noctuidae-xli-noctuinae-leucaniini
leucania-insueta,plate-70-noctuidae-xli-noctuinae-leucaniini
leucania-multilinea,plate-70-noctuidae-xli-noctuinae-leucaniini
leucania-oregona,plate-70-noctuidae-xli-noctuinae-leucaniini
leucoma-salicis,plate-14-erebidae-i-lymantriinae
litholomia-napaea,plate-55-noctuidae-xxvi-noctuinae-xylenini-i
lithomoia-germana,plate-55-noctuidae-xxvi-noctuinae-xylenini-i
lithophane-amanda,plate-55-noctuidae-xxvi-noctuinae-xylenini-i
lithophane-atara,plate-56-noctuidae-xxvii-noctuinae-xylenini-ii
lithophane-baileyi,plate-56-noctuidae-xxvii-noctuinae-xylenini-ii
lithophane-boogeri,plate-56-noctuidae-xxvii-noctuinae-xylenini-ii
lithophane-contenta,plate-56-noctuidae-xxvii-noctuinae-xylenini-ii
lithophane-dilatocula,plate-55-noctuidae-xxvi-noctuinae-xylenini-i
lithophane-disposita,plate-55-noctuidae-xxvi-noctuinae-xylenini-i
lithophane-fagina,plate-56-noctuidae-xxvii-noctuinae-xylenini-ii
lithophane-gausapata,plate-56-noctuidae-xxvii-noctuinae-xylenini-ii
lithophane-georgii,plate-56-noctuidae-xxvii-noctuinae-xylenini-ii
lithophane-innominata,plate-55-noctuidae-xxvi-noctuinae-xylenini-i
lithophane-itata,plate-56-noctuidae-xxvii-noctuinae-xylenini-ii
lithophane-jeffreyi,plate-56-noctuidae-xxvii-noctuinae-xylenini-ii
lithophane-pertorrida,plate-56-noctuidae-xxvii-noctuinae-xylenini-ii
lithophane-petulca,plate-55-noctuidae-xxvi-noctuinae-xylenini-i
lithophane-pexata,plate-55-noctuidae-xxvi-noctuinae-xylenini-i
lithophane-ponderosa,plate-56-noctuidae-xxvii-noctuinae-xylenini-ii
lithophane-thaxteri,plate-56-noctuidae-xxvii-noctuinae-xylenini-ii
litocala-sexsignata,plate-27-erebidae-xiv-erebinae-v
lophocampa-argentata,plate-19-erebidae-vi-arctiinae-v
lophocampa-maculata,plate-19-erebidae-vi-arctiinae-v
lophocampa-roseata,plate-19-erebidae-vi-arctiinae-v
lycophotia-phyllophora,plate-90-noctuidae-lxi-noctuinae-noctuini-xv
lygephila-victoria,plate-23-erebidae-x-erebinae-i
lymantria-dispar,plate-14-erebidae-i-lymantriinae
macronoctua-onusta,plate-53-noctuidae-xxiv-noctuinae-apameini-vi
malacosoma-californicum,plate-2-lasiocampidae
malacosoma-constrictum,plate-2-lasiocampidae
malacosoma-disstria,plate-2-lasiocampidae
mamestra-configurata,plate-68-noctuidae-xxxix-noctuinae-hadenini-iii
mamestra-curialis,plate-68-noctuidae-xxxix-noctuinae-hadenini-iii
manduca-quinquemaculata,plate-7-sphingidae-i
manduca-sexta,plate-7-sphingidae-i
manulea-bicolor,plate-15-erebidae-ii-arctiinae-i
marathyssa-inficita,plate-30-euteliidae-etc
megalographa-biloba,plate-31-noctuidae-ii-plusiinae-ii
meganola-fuscula,plate-30-euteliidae-etc
meganola-minuscula,plate-30-euteliidae-etc
melanapamea-mixta,plate-51-noctuidae-xxii-noctuinae-apameini-iv
melanchra-adjuncta,plate-68-noctuidae-xxxix-noctuinae-hadenini-iii
melanchra-assimilis,plate-68-noctuidae-xxxix-noctuinae-hadenini-iii
melanchra-picta,plate-68-noctuidae-xxxix-noctuinae-hadenini-iii
melanchra-pulverulenta,plate-68-noctuidae-xxxix-noctuinae-hadenini-iii
melipotis-indomita,plate-27-erebidae-xiv-erebinae-v
melipotis-jucunda,plate-27-erebidae-xiv-erebinae-v
mesapamea-fractilinea,plate-52-noctuidae-xxiii-noctuinae-apameini-v
mesapamea-secalis,plate-52-noctuidae-xxiii-noctuinae-apameini-v
mesogona-olivata,plate-57-noctuidae-xxviii-noctuinae-xylenini-iii
mesogona-rubra,plate-57-noctuidae-xxviii-noctuinae-xylenini-iii
mesogona-subcuprea,plate-57-noctuidae-xxviii-noctuinae-xylenini-iii
metalectra-bigallis,plate-22-erebidae-ix-rivulinae-etc
microhelia-angelica,plate-44-noctuidae-xv-heliothinae-i
mniotype-ducta,plate-62-noctuidae-xxxiii-noctuinae-xylenini-viiii
mniotype-pallescens,plate-62-noctuidae-xxxiii-noctuinae-xylenini-viiii
mniotype-tenera,plate-62-noctuidae-xxxiii-noctuinae-xylenini-viiii
mycterophora-inexplicata,plate-22-erebidae-ix-rivulinae-etc
mycterophora-longipalpata,plate-22-erebidae-ix-rivulinae-etc
mycterophora-monticola,plate-22-erebidae-ix-rivulinae-etc
mycterophora-rubricans,plate-22-erebidae-ix-rivulinae-etc
mythimna-oxygala,plate-70-noctuidae-xli-noctuinae-leucaniini
mythimna-unipuncta,plate-70-noctuidae-xli-noctuinae-leucaniini
mythimna-yuconensis,plate-70-noctuidae-xli-noctuinae-leucaniini
nadata-gibbosa,plate-13-notodontidae-ii
nadata-oregonensis,plate-13-notodontidae-ii
nedra-hoeffleri,plate-47-noctuidae-xviii-noctuinae-caradrinini-and-actinotiini
nedra-stewarti,plate-47-noctuidae-xviii-noctuinae-caradrinini-and-actinotiini
neleucania-praegracilis,plate-75-noctuidae-xlvi-noctuinae-eriopygini-v
neogrotella-spaldingi,plate-39-noctuidae-x-amphipyrinae-i
neoligia-albirena,plate-52-noctuidae-xxiii-noctuinae-apameini-v
neoligia-invenusta,plate-52-noctuidae-xxiii-noctuinae-apameini-v
neoligia-lancea,plate-52-noctuidae-xxiii-noctuinae-apameini-v
neoligia-lillooet,plate-52-noctuidae-xxiii-noctuinae-apameini-v
neoligia-subjuncta,plate-52-noctuidae-xxiii-noctuinae-apameini-v
neoligia-tonsa,plate-52-noctuidae-xxiii-noctuinae-apameini-v
nephelodes-demaculata,plate-65-noctuidae-xxxvi-noctuinae-orthosiini-iii-and-tholerini
nephelodes-minians,plate-65-noctuidae-xxxvi-noctuinae-orthosiini-iii-and-tholerini
noctua-comes,plate-90-noctuidae-lxi-noctuinae-noctuini-xv
noctua-pronuba,plate-90-noctuidae-lxi-noctuinae-noctuini-xv
nola-cilicoides,plate-30-euteliidae-etc
nola-minna,plate-30-euteliidae-etc
notodonta-manitou,plate-12-notodontidae-i
notodonta-pacifica,plate-12-notodontidae-i
notodonta-torva,plate-12-notodontidae-i
nudorthodes-texana,plate-74-noctuidae-xlv-noctuinae-eriopygini-iv
nycteola-cinereana,plate-30-euteliidae-etc
nycteola-columbiana,plate-30-euteliidae-etc
nycteola-frigidana,plate-30-euteliidae-etc
ochropleura-implecta,plate-90-noctuidae-lxi-noctuinae-noctuini-xv
oedemasia-salicis,plate-13-notodontidae-ii
oedemasia-semirufescens,plate-13-notodontidae-ii
oligia-divesta,plate-52-noctuidae-xxiii-noctuinae-apameini-v
oligia-obtusa,plate-52-noctuidae-xxiii-noctuinae-apameini-v
oligia-rampartensis,plate-52-noctuidae-xxiii-noctuinae-apameini-v
oligia-tusa,plate-52-noctuidae-xxiii-noctuinae-apameini-v
oligia-violacea,plate-52-noctuidae-xxiii-noctuinae-apameini-v
oreta-rosea,plate-1-drepanidae
orgyia-antiqua,plate-14-erebidae-i-lymantriinae
orgyia-cana,plate-14-erebidae-i-lymantriinae
orgyia-pseudotsugata,plate-14-erebidae-i-lymantriinae
orgyia-vetusta,plate-14-erebidae-i-lymantriinae
orthodes-detracta,plate-75-noctuidae-xlvi-noctuinae-eriopygini-v
orthodes-goodelli,plate-75-noctuidae-xlvi-noctuinae-eriopygini-v
orthodes-noverca,plate-75-noctuidae-xlvi-noctuinae-eriopygini-v
orthodes-obscura,plate-75-noctuidae-xlvi-noctuinae-eriopygini-v
orthosia-arthrolita,plate-64-noctuidae-xxxv-noctuinae-orthosiini-ii
orthosia-behrensiana,plate-64-noctuidae-xxxv-noctuinae-orthosiini-ii
orthosia-ferrigera,plate-64-noctuidae-xxxv-noctuinae-orthosiini-ii
orthosia-hibisci,plate-64-noctuidae-xxxv-noctuinae-orthosiini-ii
orthosia-mys,plate-64-noctuidae-xxxv-noctuinae-orthosiini-ii
orthosia-pacifica,plate-64-noctuidae-xxxv-noctuinae-orthosiini-ii
orthosia-praeses,plate-64-noctuidae-xxxv-noctuinae-orthosiini-ii
orthosia-pulchella,plate-64-noctuidae-xxxv-noctuinae-orthosiini-ii
orthosia-revicta,plate-64-noctuidae-xxxv-noctuinae-orthosiini-ii
orthosia-segregata,plate-64-noctuidae-xxxv-noctuinae-orthosiini-ii
orthosia-terminata,plate-64-noctuidae-xxxv-noctuinae-orthosiini-ii
orthosia-transparens,plate-64-noctuidae-xxxv-noctuinae-orthosiini-ii
pachysphinx-modesta,plate-10-sphingidae-iv
pachysphinx-occidentalis,plate-10-sphingidae-iv
palthis-angulalis,plate-20-erebidae-vii-herminiinae
panthea-acronyctoides,plate-34-noctuidae-v-pantheinae-and-raphiinae
panthea-furcilla,plate-34-noctuidae-v-pantheinae-and-raphiinae
panthea-gigantea,plate-34-noctuidae-v-pantheinae-and-raphiinae
panthea-virginarius,plate-34-noctuidae-v-pantheinae-and-raphiinae
paonias-excaecatus,plate-9-sphingidae-iii
paonias-myops,plate-9-sphingidae-iii
papaipema-harrisii,plate-54-noctuidae-xxv-noctuinae-apameini-vii-and-arzamini
papaipema-insulidens,plate-54-noctuidae-xxv-noctuinae-apameini-vii-and-arzamini
papaipema-limata,plate-54-noctuidae-xxv-noctuinae-apameini-vii-and-arzamini
papaipema-sauzalitae,plate-54-noctuidae-xxv-noctuinae-apameini-vii-and-arzamini
papestra-biren,plate-68-noctuidae-xxxix-noctuinae-hadenini-iii
papestra-brenda,plate-68-noctuidae-xxxix-noctuinae-hadenini-iii
papestra-cristifera,plate-68-noctuidae-xxxix-noctuinae-hadenini-iii
papestra-invalida,plate-68-noctuidae-xxxix-noctuinae-hadenini-iii
papestra-quadrata,plate-68-noctuidae-xxxix-noctuinae-hadenini-iii
parabagrotis-cupidissima,plate-94-noctuidae-lxv-noctuinae-noctuini-xix
parabagrotis-exsertistigma,plate-94-noctuidae-lxv-noctuinae-noctuini-xix
parabagrotis-formalis,plate-94-noctuidae-lxv-noctuinae-noctuini-xix
parabagrotis-insularis,plate-94-noctuidae-lxv-noctuinae-noctuini-xix
parabagrotis-sulinaris,plate-94-noctuidae-lxv-noctuinae-noctuini-xix
paradiarsia-littoralis,plate-90-noctuidae-lxi-noctuinae-noctuini-xv
paraseptis-adnixa,plate-58-noctuidae-xxix-noctuinae-xylenini-iv
parastichtis-suspecta,plate-57-noctuidae-xxviii-noctuinae-xylenini-iii
peridroma-saucia,plate-76-noctuidae-xlvii-noctuinae-noctuini-i
perigonica-angulata,plate-63-noctuidae-xxxiv-noctuinae-xylenini-ix-and-orthosiini-i
perigonica-pectinata,plate-63-noctuidae-xxxiv-noctuinae-xylenini-ix-and-orthosiini-i
perigonica-tertia,plate-63-noctuidae-xxxiv-noctuinae-xylenini-ix-and-orthosiini-i
phalaenophana-pyramusalis,plate-20-erebidae-vii-herminiinae
phalaenostola-hanhami,plate-20-erebidae-vii-herminiinae
phalaenostola-metonalis,plate-20-erebidae-vii-herminiinae
pheosidea-elegans,plate-12-notodontidae-i
phlogophora-periculosa,plate-48-noctuidae-xix-noctuinae-apameini-i
phobolosia-anfracta,plate-22-erebidae-ix-rivulinae-etc
photedes-defecta,plate-52-noctuidae-xxiii-noctuinae-apameini-v
photedes-didonea,plate-52-noctuidae-xxiii-noctuinae-apameini-v
photedes-inops,plate-52-noctuidae-xxiii-noctuinae-apameini-v
phragmatobia-assimilans,plate-18-erebidae-v-arctiinae-iv
phragmatobia-fuliginosa,plate-18-erebidae-v-arctiinae-iv
phryganidia-californica,plate-13-notodontidae-ii
phyllodesma-americana,plate-2-lasiocampidae
plagiomimicus-dimidiata,plate-39-noctuidae-x-amphipyrinae-i
plagiomimicus-expallidus,plate-39-noctuidae-x-amphipyrinae-i
plagiomimicus-spumosum,plate-39-noctuidae-x-amphipyrinae-i
plagiomimicus-yakama,plate-39-noctuidae-x-amphipyrinae-i
platypolia-anceps,plate-62-noctuidae-xxxiii-noctuinae-xylenini-viiii
platypolia-contadina,plate-62-noctuidae-xxxiii-noctuinae-xylenini-viiii
platypolia-loda,plate-62-noctuidae-xxxiii-noctuinae-xylenini-viiii
platypolia-mactata,plate-62-noctuidae-xxxiii-noctuinae-xylenini-viiii
pleromella-opter,plate-39-noctuidae-x-amphipyrinae-i
pleromelloida-bonuscula,plate-40-noctuidae-xi-amphipyrinae-ii-and-oncocnemidinae-i
pleromelloida-cinerea,plate-40-noctuidae-xi-amphipyrinae-ii-and-oncocnemidinae-i
pleromelloida-conserta,plate-40-noctuidae-xi-amphipyrinae-ii-and-oncocnemidinae-i
plusia-nichollae,plate-32-noctuidae-iii-plusiinae-iii
plusia-putnami,plate-32-noctuidae-iii-plusiinae-iii
plusia-venusta,plate-32-noctuidae-iii-plusiinae-iii
polia-discalis,plate-67-noctuidae-xxxviii-noctuinae-hadenini-ii
polia-imbrifera,plate-67-noctuidae-xxxviii-noctuinae-hadenini-ii
polia-nimbosa,plate-67-noctuidae-xxxviii-noctuinae-hadenini-ii
polia-nugatis,plate-67-noctuidae-xxxviii-noctuinae-hadenini-ii
polia-piniae,plate-67-noctuidae-xxxviii-noctuinae-hadenini-ii
polia-propodea,plate-67-noctuidae-xxxviii-noctuinae-hadenini-ii
polia-purpurissata,plate-67-noctuidae-xxxviii-noctuinae-hadenini-ii
polia-richardsoni,plate-67-noctuidae-xxxviii-noctuinae-hadenini-ii
polia-rogenhoferi,plate-67-noctuidae-xxxviii-noctuinae-hadenini-ii
polychrysia-esmeralda,plate-30-euteliidae-etc
polychrysia-morigera,plate-31-noctuidae-ii-plusiinae-ii
ponometia-binocula,plate-33-noctuidae-iv-eustrotiinae-and-acontiinae
ponometia-candefacta,plate-33-noctuidae-iv-eustrotiinae-and-acontiinae
ponometia-elegantula,plate-33-noctuidae-iv-eustrotiinae-and-acontiinae
ponometia-fumata,plate-33-noctuidae-iv-eustrotiinae-and-acontiinae
ponometia-nigra,plate-33-noctuidae-iv-eustrotiinae-and-acontiinae
ponometia-semiflava,plate-33-noctuidae-iv-eustrotiinae-and-acontiinae
ponometia-sutrix,plate-33-noctuidae-iv-eustrotiinae-and-acontiinae
ponometia-tortricina,plate-33-noctuidae-iv-eustrotiinae-and-acontiinae
prognorisma-substrigata,plate-93-noctuidae-lxiv-noctuinae-noctuini-xviii
pronoctua-craboi,plate-96-noctuidae-lxvii-noctuinae-noctuini-xxi
pronoctua-peabodyae,plate-96-noctuidae-lxvii-noctuinae-noctuini-xxi
pronoctua-pyrophiloides,plate-96-noctuidae-lxvii-noctuinae-noctuini-xxi
pronoctua-typica,plate-96-noctuidae-lxvii-noctuinae-noctuini-xxi
properigea-albimacula,plate-63-noctuidae-xxxiv-noctuinae-xylenini-ix-and-orthosiini-i
properigea-niveirena,plate-63-noctuidae-xxxiv-noctuinae-xylenini-ix-and-orthosiini-i
proserpinus-clarkiae,plate-11-sphingidae-v
proserpinus-flavofasciata,plate-11-sphingidae-v
proserpinus-lucidus,plate-11-sphingidae-v
protodeltote-albidula,plate-33-noctuidae-iv-eustrotiinae-and-acontiinae
protogygia-album,plate-78-noctuidae-xlix-noctuinae-noctuini-iii
protogygia-arena,plate-78-noctuidae-xlix-noctuinae-noctuini-iii
protogygia-comstocki,plate-78-noctuidae-xlix-noctuinae-noctuini-iii
protogygia-enalaga,plate-78-noctuidae-xlix-noctuinae-noctuini-iii
protogygia-lagena,plate-78-noctuidae-xlix-noctuinae-noctuini-iii
protogygia-milleri,plate-78-noctuidae-xlix-noctuinae-noctuini-iii
protogygia-postera,plate-78-noctuidae-xlix-noctuinae-noctuini-iii
protolampra-brunneicollis,plate-95-noctuidae-lxvi-noctuinae-noctuini-xx
protolampra-rufipectus,plate-95-noctuidae-lxvi-noctuinae-noctuini-xx
protoperigea-anotha,plate-47-noctuidae-xviii-noctuinae-caradrinini-and-actinotiini
protoperigea-calientensis,plate-47-noctuidae-xviii-noctuinae-caradrinini-and-actinotiini
protoperigea-posticata,plate-47-noctuidae-xviii-noctuinae-caradrinini-and-actinotiini
protoperigea-umbricata,plate-47-noctuidae-xviii-noctuinae-caradrinini-and-actinotiini
trichopolia-alfkenii,plate-74-noctuidae-xlv-noctuinae-eriopygini-iv
trichopolia-curtica,plate-74-noctuidae-xlv-noctuinae-eriopygini-iv
trichopolia-eureka,plate-74-noctuidae-xlv-noctuinae-eriopygini-iv
trichopolia-incincta,plate-74-noctuidae-xlv-noctuinae-eriopygini-iv
trichopolia-oviduca,plate-74-noctuidae-xlv-noctuinae-eriopygini-iv
trichopolia-rufula,plate-74-noctuidae-xlv-noctuinae-eriopygini-iv
protoschinia-nuchalis,plate-45-noctuidae-xvi-heliothinae-ii
proxenus-mendosa,plate-47-noctuidae-xviii-noctuinae-caradrinini-and-actinotiini
proxenus-mindara,plate-47-noctuidae-xviii-noctuinae-caradrinini-and-actinotiini
proxenus-miranda,plate-47-noctuidae-xviii-noctuinae-caradrinini-and-actinotiini
psammopolia-arietis,plate-72-noctuidae-xliii-noctuinae-eriopygini-ii
psammopolia-wyatti,plate-72-noctuidae-xliii-noctuinae-eriopygini-ii
pseudanarta-caeca,plate-63-noctuidae-xxxiv-noctuinae-xylenini-ix-and-orthosiini-i
pseudanarta-crocea,plate-63-noctuidae-xxxiv-noctuinae-xylenini-ix-and-orthosiini-i
pseudanarta-flava,plate-63-noctuidae-xxxiv-noctuinae-xylenini-ix-and-orthosiini-i
pseudanarta-singula,plate-63-noctuidae-xxxiv-noctuinae-xylenini-ix-and-orthosiini-i
pseudeva-palligera,plate-31-noctuidae-ii-plusiinae-ii
pseudeva-purpurigera,plate-31-noctuidae-ii-plusiinae-ii
pseudobryomima-muscosa,plate-63-noctuidae-xxxiv-noctuinae-xylenini-ix-and-orthosiini-i
pseudocopivaleria-sonoma,plate-39-noctuidae-x-amphipyrinae-i
pseudohemihyalea-edwardsii,plate-19-erebidae-vi-arctiinae-v
pseudohermonassa-flavotincta,plate-93-noctuidae-lxiv-noctuinae-noctuini-xviii
pseudohermonassa-tenuicula,plate-93-noctuidae-lxiv-noctuinae-noctuini-xviii
pseudorthodes-irrorata,plate-75-noctuidae-xlvi-noctuinae-eriopygini-v
pseudorthodes-puerilis,plate-75-noctuidae-xlvi-noctuinae-eriopygini-v
pseudothyatira-cymatophoroides,plate-1-drepanidae
pyrrharctia-isabella,plate-18-erebidae-v-arctiinae-iv
pyrrhia-cilisca,plate-44-noctuidae-xv-heliothinae-i
pyrrhia-exprimens,plate-44-noctuidae-xv-heliothinae-i
rachiplusia-ou,plate-30-euteliidae-etc
raphia-frater,plate-34-noctuidae-v-pantheinae-and-raphiinae
resapamea-diluvius,plate-51-noctuidae-xxii-noctuinae-apameini-iv
resapamea-enargia,plate-51-noctuidae-xxii-noctuinae-apameini-iv
resapamea-innota,plate-51-noctuidae-xxii-noctuinae-apameini-iv
resapamea-passer,plate-51-noctuidae-xxii-noctuinae-apameini-iv
resapamea-venosa,plate-51-noctuidae-xxii-noctuinae-apameini-iv
rhabdorthodes-pattersoni,plate-75-noctuidae-xlvi-noctuinae-eriopygini-v
rhizagrotis-albalis,plate-61-noctuidae-xxxii-noctuinae-xylenini-vii
rhizagrotis-cloanthoides,plate-61-noctuidae-xxxii-noctuinae-xylenini-vii
rhizagrotis-modesta,plate-61-noctuidae-xxxii-noctuinae-xylenini-vii
rhizagrotis-stylata,plate-61-noctuidae-xxxii-noctuinae-xylenini-vii
rhyacia-clemens,plate-90-noctuidae-lxi-noctuinae-noctuini-xv
richia-parentalis,plate-76-noctuidae-xlvii-noctuinae-noctuini-i
rivula-propinqualis,plate-22-erebidae-ix-rivulinae-etc
schinia-acutilinea,plate-45-noctuidae-xvi-heliothinae-ii
schinia-albafascia,plate-45-noctuidae-xvi-heliothinae-ii
schinia-arcigera,plate-45-noctuidae-xvi-heliothinae-ii
schinia-argentifascia,plate-45-noctuidae-xvi-heliothinae-ii
schinia-aurantiaca,plate-45-noctuidae-xvi-heliothinae-ii
schinia-biundulata,plate-45-noctuidae-xvi-heliothinae-ii
schinia-crotchii,plate-45-noctuidae-xvi-heliothinae-ii
schinia-cumatilis,plate-45-noctuidae-xvi-heliothinae-ii
schinia-deserticola,plate-45-noctuidae-xvi-heliothinae-ii
schinia-edwardsii,plate-45-noctuidae-xvi-heliothinae-ii
schinia-florida,plate-45-noctuidae-xvi-heliothinae-ii
schinia-gaurae,plate-45-noctuidae-xvi-heliothinae-ii
schinia-honesta,plate-45-noctuidae-xvi-heliothinae-ii
schinia-illustra,plate-45-noctuidae-xvi-heliothinae-ii
schinia-intermontana,plate-45-noctuidae-xvi-heliothinae-ii
schinia-jaguarina,plate-45-noctuidae-xvi-heliothinae-ii
schinia-luxa,plate-45-noctuidae-xvi-heliothinae-ii
schinia-lynda,plate-45-noctuidae-xvi-heliothinae-ii
schinia-meadi,plate-45-noctuidae-xvi-heliothinae-ii
schinia-mortua,plate-45-noctuidae-xvi-heliothinae-ii
schinia-oleagina,plate-45-noctuidae-xvi-heliothinae-ii
schinia-perminuta,plate-45-noctuidae-xvi-heliothinae-ii
schinia-persimilis,plate-45-noctuidae-xvi-heliothinae-ii
schinia-rivulosa,plate-45-noctuidae-xvi-heliothinae-ii
schinia-sexplagiata,plate-45-noctuidae-xvi-heliothinae-ii
schinia-suetus,plate-45-noctuidae-xvi-heliothinae-ii
schinia-tertia,plate-45-noctuidae-xvi-heliothinae-ii
schinia-unimacula,plate-45-noctuidae-xvi-heliothinae-ii
schinia-vacciniae,plate-45-noctuidae-xvi-heliothinae-ii
schinia-villosa,plate-45-noctuidae-xvi-heliothinae-ii
schinia-walsinghami,plate-45-noctuidae-xvi-heliothinae-ii
schizura-ipomaeae,plate-13-notodontidae-ii
scoliopteryx-libatrix,plate-22-erebidae-ix-rivulinae-etc
scotogramma-fervida,plate-66-noctuidae-xxxvii-noctuinae-hadenini-i
scotogramma-harnardi,plate-66-noctuidae-xxxvii-noctuinae-hadenini-i
scotogramma-orida,plate-66-noctuidae-xxxvii-noctuinae-hadenini-i
scotogramma-ptilodonta,plate-66-noctuidae-xxxvii-noctuinae-hadenini-i
scotogramma-stretchii,plate-66-noctuidae-xxxvii-noctuinae-hadenini-i
scotogramma-submarina,plate-66-noctuidae-xxxvii-noctuinae-hadenini-i
scotogramma-yakima,plate-66-noctuidae-xxxvii-noctuinae-hadenini-i
selicanis-cinereola,plate-54-noctuidae-xxv-noctuinae-apameini-vii-and-arzamini
setagrotis-pallidicollis,plate-94-noctuidae-lxv-noctuinae-noctuini-xix
setagrotis-radiola,plate-94-noctuidae-lxv-noctuinae-noctuini-xix
setagrotis-vocalis,plate-94-noctuidae-lxv-noctuinae-noctuini-xix
sideridis-fuscolutea,plate-69-noctuidae-xl-noctuinae-hadenini-iv
sideridis-maryx,plate-69-noctuidae-xl-noctuinae-hadenini-iv
sideridis-rosea,plate-69-noctuidae-xl-noctuinae-hadenini-iv
sideridis-uscripta,plate-69-noctuidae-xl-noctuinae-hadenini-iv
smerinthus-cerisyi,plate-9-sphingidae-iii
smerinthus-jamaicensis,plate-9-sphingidae-iii
smerinthus-ophthalmica,plate-9-sphingidae-iii
spaelotis-bicava,plate-91-noctuidae-lxii-noctuinae-noctuini-xvi
spaelotis-clandestina,plate-91-noctuidae-lxii-noctuinae-noctuini-xvi
spaelotis-havilae,plate-91-noctuidae-lxii-noctuinae-noctuini-xvi
spaelotis-unicava,plate-91-noctuidae-lxii-noctuinae-noctuini-xvi
spaelotis-velicava,plate-91-noctuidae-lxii-noctuinae-noctuini-xvi
spargaloma-sexpunctata,plate-22-erebidae-ix-rivulinae-etc
sphinx-chersis,plate-8-sphingidae-ii
sphinx-dollii,plate-8-sphingidae-ii
sphinx-drupiferarum,plate-8-sphingidae-ii
sphinx-luscitiosa,plate-8-sphingidae-ii
sphinx-perelegans,plate-8-sphingidae-ii
sphinx-poecila,plate-8-sphingidae-ii
sphinx-sequoiae,plate-8-sphingidae-ii
sphinx-vashti,plate-8-sphingidae-ii
spilosoma-congrua,plate-17-erebidae-iv-arctiinae-iii
spilosoma-pteridis,plate-17-erebidae-iv-arctiinae-iii
spilosoma-vagans,plate-17-erebidae-iv-arctiinae-iii
spilosoma-vestalis,plate-17-erebidae-iv-arctiinae-iii
spilosoma-virginica,plate-17-erebidae-iv-arctiinae-iii
spiramater-lutra,plate-68-noctuidae-xxxix-noctuinae-hadenini-iii
spodoptera-exigua,plate-46-noctuidae-xvii-bryophilini-etc
spodoptera-praefica,plate-46-noctuidae-xvii-bryophilini-etc
stiria-rugifrons,plate-39-noctuidae-x-amphipyrinae-i
stretchia-muricina,plate-63-noctuidae-xxxiv-noctuinae-xylenini-ix-and-orthosiini-i
stretchia-pictipennis,plate-63-noctuidae-xxxiv-noctuinae-xylenini-ix-and-orthosiini-i
stretchia-plusiaeformis,plate-63-noctuidae-xxxiv-noctuinae-xylenini-ix-and-orthosiini-i
stretchia-prima,plate-63-noctuidae-xxxiv-noctuinae-xylenini-ix-and-orthosiini-i
striacosta-albicosta,plate-76-noctuidae-xlvii-noctuinae-noctuini-i
stylopoda-groteana,plate-40-noctuidae-xi-amphipyrinae-ii-and-oncocnemidinae-i
sunira-bicolorago,plate-57-noctuidae-xxviii-noctuinae-xylenini-iii
sunira-decipiens,plate-57-noctuidae-xxviii-noctuinae-xylenini-iii
sunira-verberata,plate-57-noctuidae-xxviii-noctuinae-xylenini-iii
sutyna-privata,plate-62-noctuidae-xxxiii-noctuinae-xylenini-viiii
sympistis-acheron,plate-42-noctuidae-xiii-oncocnemidinae-iii
sympistis-albifasciata,plate-40-noctuidae-xi-amphipyrinae-ii-and-oncocnemidinae-i
sympistis-anweileri,plate-42-noctuidae-xiii-oncocnemidinae-iii
sympistis-apep,plate-41-noctuidae-xii-oncocnemidinae-ii
sympistis-astrigata,plate-43-noctuidae-xiv-oncocnemidinae-iv
sympistis-aterrima,plate-41-noctuidae-xii-oncocnemidinae-ii
sympistis-augustus,plate-41-noctuidae-xii-oncocnemidinae-ii
sympistis-badistriga,plate-41-noctuidae-xii-oncocnemidinae-ii
sympistis-barnesii,plate-42-noctuidae-xiii-oncocnemidinae-iii
sympistis-californiae,plate-42-noctuidae-xiii-oncocnemidinae-iii
sympistis-chalybdis,plate-42-noctuidae-xiii-oncocnemidinae-iii
sympistis-chandleri,plate-41-noctuidae-xii-oncocnemidinae-ii
sympistis-cherti,plate-42-noctuidae-xiii-oncocnemidinae-iii
sympistis-chionanthi,plate-42-noctuidae-xiii-oncocnemidinae-iii
sympistis-cibalis,plate-41-noctuidae-xii-oncocnemidinae-ii
sympistis-columbia,plate-42-noctuidae-xiii-oncocnemidinae-iii
sympistis-coprocolor,plate-40-noctuidae-xi-amphipyrinae-ii-and-oncocnemidinae-i
sympistis-corusca,plate-40-noctuidae-xi-amphipyrinae-ii-and-oncocnemidinae-i
sympistis-definita,plate-43-noctuidae-xiv-oncocnemidinae-iv
sympistis-dentata,plate-42-noctuidae-xiii-oncocnemidinae-iii
sympistis-dinalda,plate-41-noctuidae-xii-oncocnemidinae-ii
sympistis-dunbari,plate-43-noctuidae-xiv-oncocnemidinae-iv
sympistis-extremis,plate-43-noctuidae-xiv-oncocnemidinae-iv
sympistis-fifia,plate-41-noctuidae-xii-oncocnemidinae-ii
sympistis-figurata,plate-43-noctuidae-xiv-oncocnemidinae-iv
sympistis-fortis,plate-42-noctuidae-xiii-oncocnemidinae-iii
sympistis-funebris,plate-42-noctuidae-xiii-oncocnemidinae-iii
sympistis-glennyi,plate-41-noctuidae-xii-oncocnemidinae-ii
sympistis-goedeni,plate-41-noctuidae-xii-oncocnemidinae-ii
sympistis-greyi,plate-43-noctuidae-xiv-oncocnemidinae-iv
sympistis-hathor,plate-42-noctuidae-xiii-oncocnemidinae-iii
sympistis-hayesi,plate-42-noctuidae-xiii-oncocnemidinae-iii
sympistis-heliophila,plate-43-noctuidae-xiv-oncocnemidinae-iv
sympistis-incubus,plate-41-noctuidae-xii-oncocnemidinae-ii
sympistis-iricolor,plate-41-noctuidae-xii-oncocnemidinae-ii
sympistis-lacticollis,plate-42-noctuidae-xiii-oncocnemidinae-iii
sympistis-lapponica,plate-43-noctuidae-xiv-oncocnemidinae-iv
sympistis-major,plate-42-noctuidae-xiii-oncocnemidinae-iii
sympistis-meadiana,plate-43-noctuidae-xiv-oncocnemidinae-iv
sympistis-mirificalis,plate-41-noctuidae-xii-oncocnemidinae-ii
sympistis-occata,plate-40-noctuidae-xi-amphipyrinae-ii-and-oncocnemidinae-i
sympistis-orbicularis,plate-43-noctuidae-xiv-oncocnemidinae-iv
sympistis-pallida,plate-42-noctuidae-xiii-oncocnemidinae-iii
sympistis-pallidior,plate-43-noctuidae-xiv-oncocnemidinae-iv
sympistis-parvacana,plate-41-noctuidae-xii-oncocnemidinae-ii
sympistis-parvanigra,plate-41-noctuidae-xii-oncocnemidinae-ii
sympistis-perscripta,plate-40-noctuidae-xi-amphipyrinae-ii-and-oncocnemidinae-i
sympistis-poliochroa,plate-41-noctuidae-xii-oncocnemidinae-ii
sympistis-pudorata,plate-42-noctuidae-xiii-oncocnemidinae-iii
sympistis-punctilinea,plate-41-noctuidae-xii-oncocnemidinae-ii
sympistis-ragani,plate-43-noctuidae-xiv-oncocnemidinae-iv
sympistis-sagittata,plate-43-noctuidae-xiv-oncocnemidinae-iv
sympistis-sandaraca,plate-42-noctuidae-xiii-oncocnemidinae-iii
sympistis-satanella,plate-40-noctuidae-xi-amphipyrinae-ii-and-oncocnemidinae-i
sympistis-saxatilis,plate-43-noctuidae-xiv-oncocnemidinae-iv
sympistis-semicollaris,plate-43-noctuidae-xiv-oncocnemidinae-iv
sympistis-sesmu,plate-41-noctuidae-xii-oncocnemidinae-ii
sympistis-seth,plate-41-noctuidae-xii-oncocnemidinae-ii
sympistis-shirleyae,plate-43-noctuidae-xiv-oncocnemidinae-iv
sympistis-simplex,plate-41-noctuidae-xii-oncocnemidinae-ii
sympistis-sobek,plate-42-noctuidae-xiii-oncocnemidinae-iii
sympistis-sokar,plate-43-noctuidae-xiv-oncocnemidinae-iv
sympistis-stabilis,plate-41-noctuidae-xii-oncocnemidinae-ii
sympistis-tartarea,plate-41-noctuidae-xii-oncocnemidinae-ii
sympistis-tenuifascia,plate-41-noctuidae-xii-oncocnemidinae-ii
sympistis-umbrifascia,plate-40-noctuidae-xi-amphipyrinae-ii-and-oncocnemidinae-i
sympistis-utahensis,plate-41-noctuidae-xii-oncocnemidinae-ii
sympistis-viriditincta,plate-41-noctuidae-xii-oncocnemidinae-ii
sympistis-wilsoni,plate-43-noctuidae-xiv-oncocnemidinae-iv
sympistis-youngi,plate-42-noctuidae-xiii-oncocnemidinae-iii
sympistis-zetterstedtii,plate-43-noctuidae-xiv-oncocnemidinae-iv
syngrapha-abstrusa,plate-32-noctuidae-iii-plusiinae-iii
syngrapha-alias,plate-32-noctuidae-iii-plusiinae-iii
syngrapha-alticola,plate-32-noctuidae-iii-plusiinae-iii
syngrapha-angulidens,plate-32-noctuidae-iii-plusiinae-iii
syngrapha-borea,plate-32-noctuidae-iii-plusiinae-iii
syngrapha-celsa,plate-32-noctuidae-iii-plusiinae-iii
syngrapha-diasema,plate-32-noctuidae-iii-plusiinae-iii
syngrapha-epigaea,plate-32-noctuidae-iii-plusiinae-iii
syngrapha-ignea,plate-32-noctuidae-iii-plusiinae-iii
syngrapha-interrogationis,plate-32-noctuidae-iii-plusiinae-iii
syngrapha-microgamma,plate-32-noctuidae-iii-plusiinae-iii
syngrapha-octoscripta,plate-32-noctuidae-iii-plusiinae-iii
syngrapha-orophila,plate-32-noctuidae-iii-plusiinae-iii
syngrapha-parilis,plate-32-noctuidae-iii-plusiinae-iii
syngrapha-rectangula,plate-32-noctuidae-iii-plusiinae-iii
syngrapha-surena,plate-32-noctuidae-iii-plusiinae-iii
syngrapha-viridisigma,plate-32-noctuidae-iii-plusiinae-iii
tarache-acerba,plate-33-noctuidae-iv-eustrotiinae-and-acontiinae
tarache-areli,plate-33-noctuidae-iv-eustrotiinae-and-acontiinae
tarache-arida,plate-33-noctuidae-iv-eustrotiinae-and-acontiinae
tarache-augustipennis,plate-33-noctuidae-iv-eustrotiinae-and-acontiinae
tarache-flavipennis,plate-33-noctuidae-iv-eustrotiinae-and-acontiinae
tarache-knowltoni,plate-33-noctuidae-iv-eustrotiinae-and-acontiinae
tarache-major,plate-33-noctuidae-iv-eustrotiinae-and-acontiinae
tarache-toddi,plate-33-noctuidae-iv-eustrotiinae-and-acontiinae
tesagrotis-amia,plate-94-noctuidae-lxv-noctuinae-noctuini-xix
tesagrotis-atrifrons,plate-94-noctuidae-lxv-noctuinae-noctuini-xix
tesagrotis-corrodera,plate-94-noctuidae-lxv-noctuinae-noctuini-xix
tesagrotis-piscipellis,plate-94-noctuidae-lxv-noctuinae-noctuini-xix
tetanolita-palligera,plate-20-erebidae-vii-herminiinae
tholera-americana,plate-65-noctuidae-xxxvi-noctuinae-orthosiini-iii-and-tholerini
tolype-distincta,plate-2-lasiocampidae
tolype-laricis,plate-2-lasiocampidae
trichocerapoda-oblita,plate-74-noctuidae-xlv-noctuinae-eriopygini-iv
trichocerapoda-strigata,plate-74-noctuidae-xlv-noctuinae-eriopygini-iv
tricholita-chipeta,plate-75-noctuidae-xlvi-noctuinae-eriopygini-v
trichoplusia-ni,plate-30-euteliidae-etc
trichordestra-dodii,plate-68-noctuidae-xxxix-noctuinae-hadenini-iii
trichordestra-lilacina,plate-68-noctuidae-xxxix-noctuinae-hadenini-iii
trichordestra-liquida,plate-68-noctuidae-xxxix-noctuinae-hadenini-iii
trichordestra-tacoma,plate-68-noctuidae-xxxix-noctuinae-hadenini-iii
tridepia-nova,plate-66-noctuidae-xxxvii-noctuinae-hadenini-i
triocnemis-saporis,plate-39-noctuidae-x-amphipyrinae-i
tristyla-alboplagiata,plate-39-noctuidae-x-amphipyrinae-i
trudestra-hadeniformis,plate-66-noctuidae-xxxvii-noctuinae-hadenini-i
tyria-jacobaeae,plate-18-erebidae-v-arctiinae-iv
tyta-luctuosa,plate-37-noctuidae-viii-metoponiinae-and-cuculiinae-i
ufeus-hulstii,plate-62-noctuidae-xxxiii-noctuinae-xylenini-viiii
ufeus-satyricus,plate-62-noctuidae-xxxiii-noctuinae-xylenini-viiii
ulolonche-dilecta,plate-75-noctuidae-xlvi-noctuinae-eriopygini-v
ulolonche-disticha,plate-75-noctuidae-xlvi-noctuinae-eriopygini-v
ulolonche-orbiculata,plate-75-noctuidae-xlvi-noctuinae-eriopygini-v
virbia-ferruginosa,plate-17-erebidae-iv-arctiinae-iii
viridiseptis-marina,plate-58-noctuidae-xxix-noctuinae-xylenini-iv
xanthia-tatago,plate-57-noctuidae-xxviii-noctuinae-xylenini-iii
xestia-atrata,plate-93-noctuidae-lxiv-noctuinae-noctuini-xviii
xestia-bryanti,plate-93-noctuidae-lxiv-noctuinae-noctuini-xviii
xestia-c-nigrum,plate-92-noctuidae-lxiii-noctuinae-noctuini-xvii
xestia-cinerascens,plate-92-noctuidae-lxiii-noctuinae-noctuini-xvii
xestia-fabulosa,plate-93-noctuidae-lxiv-noctuinae-noctuini-xviii
xestia-finatimis,plate-92-noctuidae-lxiii-noctuinae-noctuini-xvii
xestia-homogena,plate-93-noctuidae-lxiv-noctuinae-noctuini-xviii
xestia-imperita,plate-93-noctuidae-lxiv-noctuinae-noctuini-xviii
xestia-infimatis,plate-92-noctuidae-lxiii-noctuinae-noctuini-xvii
xestia-intermedia,plate-93-noctuidae-lxiv-noctuinae-noctuini-xviii
xestia-lupa,plate-93-noctuidae-lxiv-noctuinae-noctuini-xviii
xestia-lyngei,plate-93-noctuidae-lxiv-noctuinae-noctuini-xviii
xestia-maculata,plate-92-noctuidae-lxiii-noctuinae-noctuini-xvii
xestia-mixta,plate-93-noctuidae-lxiv-noctuinae-noctuini-xviii
xestia-mustelina,plate-92-noctuidae-lxiii-noctuinae-noctuini-xvii
xestia-normanianus,plate-92-noctuidae-lxiii-noctuinae-noctuini-xvii
xestia-oblata,plate-92-noctuidae-lxiii-noctuinae-noctuini-xvii
xestia-okakensis,plate-93-noctuidae-lxiv-noctuinae-noctuini-xviii
xestia-perquiritata,plate-93-noctuidae-lxiv-noctuinae-noctuini-xviii
xestia-plebeia,plate-92-noctuidae-lxiii-noctuinae-noctuini-xvii
xestia-praevia,plate-92-noctuidae-lxiii-noctuinae-noctuini-xvii
xestia-smithii,plate-92-noctuidae-lxiii-noctuinae-noctuini-xvii
xestia-speciosa,plate-92-noctuidae-lxiii-noctuinae-noctuini-xvii
xestia-tecta,plate-93-noctuidae-lxiv-noctuinae-noctuini-xviii
xestia-ursae,plate-93-noctuidae-lxiv-noctuinae-noctuini-xviii
xestia-vernilis,plate-92-noctuidae-lxiii-noctuinae-noctuini-xvii
xestia-verniloides,plate-92-noctuidae-lxiii-noctuinae-noctuini-xvii
xestia-xanthographa,plate-92-noctuidae-lxiii-noctuinae-noctuini-xvii
xylena-brucei,plate-55-noctuidae-xxvi-noctuinae-xylenini-i
xylena-cineritia,plate-55-noctuidae-xxvi-noctuinae-xylenini-i
xylena-curvimacula,plate-55-noctuidae-xxvi-noctuinae-xylenini-i
xylena-nupera,plate-55-noctuidae-xxvi-noctuinae-xylenini-i
xylena-thoracica,plate-55-noctuidae-xxvi-noctuinae-xylenini-i
xylomoia-chagnoni,plate-52-noctuidae-xxiii-noctuinae-apameini-v
xylomoia-indirecta,plate-52-noctuidae-xxiii-noctuinae-apameini-v
xylotype-arcadia,plate-62-noctuidae-xxxiii-noctuinae-xylenini-viiii
zale-duplicata,plate-29-erebidae-xvi-erebinae-vii
zale-lunata,plate-29-erebidae-xvi-erebinae-vii
zale-minerea,plate-29-erebidae-xvi-erebinae-vii
zale-rubi,plate-29-erebidae-xvi-erebinae-vii
zale-termina,plate-29-erebidae-xvi-erebinae-vii
zanclognatha-jacchusalis,plate-20-erebidae-vii-herminiinae
zosteropoda-hirtipes,plate-75-noctuidae-xlvi-noctuinae-eriopygini-v
zotheca-tranquilla,plate-60-noctuidae-xxxi-noctuinae-xylenini-vi
